metaphlan	mgnify	percent
t__SGB4479	Blautia sp900547685	1.00
t__SGB6328	CAG-492 sp000434335	99.50
t__SGB1828	Bacteroides gallinarum	100.00
t__SGB15203	UBA5446 sp900545405	100.00
t__SGB14809	Eggerthella lenta	96.50
t__SGB14764_group	CACZQA01 sp902783175	86.67
t__SGB2092	Paramuribaculum sp900752995	100.00
t__SGB5118	Coprococcus eutactus	100.00
t__SGB15373	SFFH01 sp900542445	97.00
t__SGB47402	MGYG000004845	100.00
t__SGB15877	Actinomyces oris	9.33
t__SGB15355	Angelakisella sp004557855	99.50
t__SGB2318	Alistipes putredinis	98.50
t__SGB6442	UBA5026 sp900557305	100.00
t__SGB63306	Gemmiger variabilis	21.00
t__SGB63370	MGYG000002701	6.50
t__SGB6525	CAG-533 sp900551105	100.00
t__SGB6641	MGYG000004556	99.50
t__SGB15402	MGYG000002151	86.52
t__SGB6263	MGYG000001195	99.50
t__SGB82503	Anaerotruncus rubiinfantis	3.00
t__SGB6806	Holdemanella biformis	95.50
t__SGB4658	TF01-11 sp000436755	100.00
t__SGB4644	Eubacterium_F sp003491505	100.00
t__SGB17130_group	Actinomyces graevenitzii	98.50
t__SGB4272	Ruminococcus_E sp900314705	100.00
t__SGB6767	Massiliomicrobiota sp002160865	100.00
t__SGB6174	Clostridium sp001916075	99.44
t__SGB4910	Acetatifactor sp900066365	96.50
t__SGB3934_group	UMGS973 sp900547295	1.50
t__SGB4749	Enterocloster sp000431375	100.00
t__SGB15052	Dysosmobacter sp900550685	96.50
t__SGB19823	UMGS1907 sp900555945	18.95
t__SGB6272	MGYG000004449	100.00
t__SGB15292	Gemmiger sp900554145	100.00
t__SGB5743	Acidaminococcus fermentans	92.71
t__SGB14348	Olsenella sp001457795	1.65
t__SGB15070	Dysosmobacter sp900548505	86.71
t__SGB15409	UMGS1603 sp900759005	97.00
t__SGB8772	CAG-312 sp900760055	99.50
t__SGB4436	UBA1390 sp002305315	97.00
t__SGB15256	ER4 sp003522105	94.50
t__SGB1896	Phocaeicola sp900553185	99.50
t__SGB1845	Bacteroides cellulosilyticus	13.98
t__SGB5068	Bacteroides_F pectinophilus	97.00
t__SGB14784	Slackia exigua	100.00
t__SGB15036	CAG-110 sp900752285	100.00
t__SGB5722	UBA3210 sp900755065	100.00
t__SGB14291	RUG472 sp900545265	95.50
t__SGB29342	SFFH01 sp900542445	1.50
t__SGB4289	Ruminococcus_E sp003438075	100.00
t__SGB4668	Catenibacillus sp900557175	97.00
t__SGB59817	NSJ-38 sp902363445	9.50
t__SGB1946	Parabacteroides sp014287585	97.00
t__SGB6144	Paraclostridium bifermentans	100.00
t__SGB14370	Olsenella_E sp003609875	99.00
t__SGB17237	Bifidobacterium pseudocatenulatum	91.50
t__SGB4936	Roseburia hominis	100.00
t__SGB6463	RUG705 sp900759875	99.50
t__SGB1657	Prevotella sp000436915	100.00
t__SGB1784	Butyricimonas virosa	93.40
t__SGB1894	Phocaeicola sp000436795	100.00
t__SGB15000	MGYG000001049	95.50
t__SGB1697	Prevotella sp000435635	100.00
t__SGB6938	Veillonella tobetsuensis	8.00
t__SGB2230	RC9 sp000433355	94.44
t__SGB4419	Ruminococcus_C sp900545285	100.00
t__SGB7088_group	Limosilactobacillus mucosae	97.00
t__SGB15086	CAG-83 sp900550615	99.00
t__SGB4158	NSJ-50 sp014385105	100.00
t__SGB6472	CAG-302 sp900543825	100.00
t__SGB14838	Harryflintia acetispora	100.00
t__SGB3991	CAG-145 sp900542565	100.00
t__SGB2143	CAG-485 sp900549375	100.00
t__SGB3990	CAG-145 sp900754795	100.00
t__SGB59916	QAMM01 sp900762715	14.50
t__SGB5050	Eubacterium_G sp900548465	100.00
t__SGB4711	UBA9502 sp003480315	99.00
t__SGB15119	Evtepia sp004556345	100.00
t__SGB6153	GCA-900066495 sp902362365	97.00
t__SGB4262	Ruminococcus_D bicirculans	100.00
t__SGB63333	MGYG000000450	2.00
t__SGB4715	CAG-81 sp900066055	99.46
t__SGB4303	CAG-217 sp000436335	99.00
t__SGB7097	Limosilactobacillus vaginalis_A	100.00
t__SGB4339	UMGS1279 sp900761625	100.00
t__SGB8419	Pseudoflavonifractor capillosus	0.50
t__SGB15028	CAG-110 sp900546075	80.91
t__SGB6478	CAG-302 sp001916775	94.00
t__SGB9290	Sutterella sp900543805	85.81
t__SGB9214	MGYG000004461	100.00
t__SGB1933	Parabacteroides sp900552415	100.00
t__SGB8782	UMGS1490 sp900552245	100.00
t__SGB47113	CAG-448 sp003150135	1.00
t__SGB63278	UBA5446 sp900544765	3.50
t__SGB8168	Streptococcus mitis	62.50
t__SGB17034	Corynebacterium provencense	34.50
t__SGB1945	Parabacteroides massiliensis	100.00
t__SGB4862	Blautia_A caecimuris	98.00
t__SGB2229	RC9 sp900544195	98.00
t__SGB28982	Bacilliculturomica massiliensis	100.00
t__SGB6038	Fusobacterium_A varium	97.18
t__SGB6617	UBA4855 sp900540395	100.00
t__SGB14786	UMGS1502 sp900552365	62.50
t__SGB54323	MGYG000001914	13.50
t__SGB5818	Dialister succinatiphilus	97.04
t__SGB4808	Blautia_A sp900551715	94.50
t__SGB4421	Ruminococcus_C sp000980705	100.00
t__SGB4477	Johnsonella sp900766185	2.00
t__SGB711	Methanobrevibacter_A sp900766745	100.00
t__SGB63346	MGYG000004850	28.00
t__SGB1806	Bacteroides pyogenes	93.50
t__SGB1819	Bacteroides sp900553815	100.00
t__SGB70637	Limosilactobacillus reuteri_E	36.65
t__SGB4603	Mediterraneibacter sp900555215	46.50
t__SGB14937	UMGS856 sp900546265	99.50
t__SGB14963	Anaerotruncus colihominis	100.00
t__SGB7111	Weissella viridescens	100.00
t__SGB15451	Bilophila sp900550745	95.45
t__SGB9391	Oxalobacter sp900760095	99.50
t__SGB15316	Faecalibacterium prausnitzii_G	83.50
t__SGB101628	Streptococcus equinus	4.50
t__SGB2173	CAG-485 sp002491165	100.00
t__SGB7217	Lentilactobacillus parabuchneri	100.00
t__SGB6816	Holdemanella sp003458715	100.00
t__SGB14912	Negativibacillus massiliensis	99.50
t__SGB13999	UBA10281 sp000437515	96.20
t__SGB6011	Fusobacterium nucleatum	100.00
t__SGB1581	Prevotella sp900548585	100.00
t__SGB6529	CAG-533 sp900553855	100.00
t__SGB1635	Prevotella sp900556795	91.94
t__SGB5082	Lachnospira eligens_A	99.00
t__SGB14189	UBA1740 sp900767415	100.00
t__SGB6499	CAG-460 sp900551525	95.50
t__SGB71784	Blautia_A massiliensis	3.00
t__SGB14373	Olsenella_E sp900540955	77.27
t__SGB36365	MGYG000004093	4.50
t__SGB1638	Prevotella sp900544825	93.75
t__SGB19847	None	0
t__SGB14024	MGYG000000640	100.00
t__SGB14342	CAG-1427 sp900538545	95.74
t__SGB5735	Acidaminococcus sp900538365	98.62
t__SGB4989	Eisenbergiella sp003478085	95.00
t__SGB4860	Blautia_A sp900549015	100.00
t__SGB40361	Paramuribaculum sp900551515	5.00
t__SGB109036	Collinsella phocaeensis	10.87
t__SGB698	Methanosphaera stadtmanae	100.00
t__SGB63238	MGYG000002726	11.00
t__SGB7049	Lactobacillus ultunensis	100.00
t__SGB14822	Senegalimassilia faecalis	100.00
t__SGB6384	MGYG000004306	100.00
t__SGB15146	Lawsonibacter sp014287875	63.64
t__SGB15198	UBA1777 sp900547315	94.50
t__SGB17163_group	Pauljensenia sp001838165	23.08
t__SGB19334	Campylobacter_A curvus	100.00
t__SGB1803	MGYG000004650	92.50
t__SGB4594	Mediterraneibacter sp900541505	98.50
t__SGB9392	Oxalobacter formigenes_B	100.00
t__SGB19849	TM7x sp900555425	10.71
t__SGB1776	Gabonibacter massiliensis	97.50
t__SGB4751	Enterocloster sp900543885	99.50
t__SGB6508	MGYG000004299	99.50
t__SGB6274	MGYG000000732	98.50
t__SGB15904	Propionibacterium freudenreichii	100.00
t__SGB5184	UMGS1670 sp900548595	97.00
t__SGB7144	Lacticaseibacillus rhamnosus	100.00
t__SGB6456	MGYG000004228	100.00
t__SGB4437	MGYG000001033	100.00
t__SGB4881	COE1 sp900753305	99.50
t__SGB3573	UMGS1975 sp900751745	100.00
t__SGB2121	CAG-1031 sp000431215	100.00
t__SGB4677	Blautia_A hydrogenotrophica	100.00
t__SGB89058	Pseudomonas_E bubulae	14.50
t__SGB77361	MGYG000004610	15.00
t__SGB2134	UBA7173 sp900546835	98.41
t__SGB6191	Clostridium_P perfringens	100.00
t__SGB1953	Barnesiella sp900538705	100.00
t__SGB65079	UBA7057 sp900542735	2.00
t__SGB1684	Prevotella sp000431975	99.50
t__SGB4824	Blautia_A sp003474435	95.81
t__SGB14316	UBA1685 sp900546845	100.00
t__SGB4892	CAG-95 sp900066375	43.84
t__SGB47659	Blautia sp900753905	95.00
t__SGB10028	Morganella morganii	99.50
t__SGB15224	CAG-170 sp003516765	96.50
t__SGB4341	UMGS1484 sp902388225	100.00
t__SGB4665	MGYG000000387	100.00
t__SGB29305	Massilioclostridium coli	100.00
t__SGB2286	Tidjanibacter inops_A	100.00
t__SGB14022	UBA10677 sp900553005	99.00
t__SGB7095	Limosilactobacillus reuteri_E	50.00
t__SGB5840	Dialister sp900547785	1.00
t__SGB3677	Succinivibrio sp000431835	100.00
t__SGB1595	Prevotella sp900554545	92.50
t__SGB376	UBA71 sp006954465	99.50
t__SGB8634	Zag1 sp000438175	100.00
t__SGB14794	UMGS1293 sp900754495	95.50
t__SGB14203	UMGS1865 sp900768535	100.00
t__SGB71664	Roseburia sp900548205	21.50
t__SGB2100	CAG-873 sp900555715	99.00
t__SGB49163	MGYG000001020	100.00
t__SGB4137	MGYG000004085	99.50
t__SGB14001	HGM11416 sp900768525	100.00
t__SGB72064	Ruminococcus_D bicirculans	6.50
t__SGB6141	Terrisporobacter sp900557165	95.50
t__SGB4710	UBA9502 sp003481825	100.00
t__SGB14909	Negativibacillus sp000435195	95.00
t__SGB9324	RUG410 sp900769705	100.00
t__SGB1024	CAG-568 sp000434395	98.00
t__SGB59530	MGYG000004718	1.50
t__SGB5112	CAG-127 sp900553925	100.00
t__SGB4741	Hungatella sp005845265	99.50
t__SGB14110	CAG-1435 sp003537755	100.00
t__SGB6645	Criibacterium bergeronii	100.00
t__SGB4588	Faecalimonas phoceensis	97.40
t__SGB15040	UBA4644 sp900555855	100.00
t__SGB72669	Negativibacillus sp900547455	12.50
t__SGB6465	CAG-611 sp000434175	66.50
t__SGB15266	CAG-103 sp900317855	100.00
t__SGB6828	Bulleidia sp900554555	75.00
t__SGB14295	MGYG000003945	99.50
t__SGB12107	Pseudomonas_E bubulae	36.00
t__SGB6489	MGYG000000381	100.00
t__SGB6476	CAG-302 sp900548425	100.00
t__SGB14042	UMGS621 sp900543915	100.00
t__SGB28525	Campylobacter_A concisus_W	3.08
t__SGB6385	CAG-465 sp000433755	100.00
t__SGB53794	UBA5446 sp900543085	10.00
t__SGB6353	CAG-269 sp900553985	94.00
t__SGB381	UBA71 sp006954425	100.00
t__SGB2181	CAG-831 sp900550465	95.50
t__SGB14138	QALW01 sp900552055	100.00
t__SGB17364	RUG572 sp900547945	99.00
t__SGB1797	Paraprevotella xylaniphila	97.00
t__SGB4133	UBA9506 sp003506415	100.00
t__SGB14317	UBA1685 sp002320595	100.00
t__SGB47850	Eubacterium_I sp900557275	99.50
t__SGB4552	Lachnoclostridium_B sp900066555	100.00
t__SGB6506	CAG-460 sp000437315	82.50
t__SGB63096	RUG013 sp001486445	68.00
t__SGB3964	MGYG000004171	100.00
t__SGB9224	Akkermansia sp001580195	87.42
t__SGB17147	Pauljensenia cardiffensis	100.00
t__SGB15301	MGYG000000724	99.50
t__SGB4953	CAG-45 sp000438375	99.50
t__SGB1822	Bacteroides togonis	100.00
t__SGB1813	Phocaeicola sartorii	97.50
t__SGB1909	Phocaeicola sp900551065	95.45
t__SGB4706	UBA3402 sp003478355	100.00
t__SGB8047_group	Streptococcus sanguinis_H	93.14
t__SGB14789	UMGS1519 sp900552585	100.00
t__SGB4803	UBA5416 sp900539175	100.00
t__SGB9257	CAG-521 sp900553105	100.00
t__SGB6510	CAG-1193 sp900550145	99.50
t__SGB81752	Kluyvera ascorbata	30.00
t__SGB15408	SFHK01 sp004556395	100.00
t__SGB4373	CAG-488 sp000434055	100.00
t__SGB3996	CAG-145 sp000435715	100.00
t__SGB19882	TM7x sp900556885	0.50
t__SGB1889	Phocaeicola ilei	100.00
t__SGB15899	None	0
t__SGB17009	Corynebacterium afermentans	2.50
t__SGB15085	CAG-83 sp900549395	98.50
t__SGB5969	Brachyspira pilosicoli	98.00
t__SGB5749	Phascolarctobacterium_A sp900544885	100.00
t__SGB8216	Streptococcus agalactiae	100.00
t__SGB4030	MGYG000000380	99.00
t__SGB4675	Frisingicoccus caecimuris	97.00
t__SGB19827_group	UMGS1907 sp900555945	100.00
t__SGB14017	UMGS1795 sp900555125	99.50
t__SGB20183	CAG-485 sp900550645	94.50
t__SGB2241	RC9 sp900545245	100.00
t__SGB95006	Bittarella massiliensis	20.50
t__SGB6511	MGYG000004776	97.00
t__SGB14329	CAG-1427 sp900554685	100.00
t__SGB15031	CAG-110 sp000434635	79.43
t__SGB9193	UMGS1518 sp900552575	99.50
t__SGB6961	CABIZH01 sp902363205	100.00
t__SGB4115	MGYG000000505	96.50
t__SGB15212	MGYG000000710	100.00
t__SGB63345	UMGS577 sp900543525	4.00
t__SGB2111	CAG-873 sp900554715	79.50
t__SGB72480	MGYG000000613	3.50
t__SGB6838	Bulleidia massiliensis_B	98.00
t__SGB1895	Phocaeicola sp000432735	99.00
t__SGB63327	Anaerotruncus rubiinfantis	1.00
t__SGB29321	UMGS966 sp900761965	2.00
t__SGB14071	MGYG000004394	100.00
t__SGB15299	Gemmiger sp900540775	99.50
t__SGB4079	Eubacterium limosum	87.23
t__SGB7951	Enterococcus_D gallinarum	100.00
t__SGB15447	Desulfovibrio sp900319575	93.00
t__SGB8236	Limosilactobacillus sp900557215	2.08
t__SGB58520	MGYG000004873	98.00
t__SGB4742	Hungatella effluvii	89.00
t__SGB7196	Levilactobacillus brevis	100.00
t__SGB15342	Faecalibacterium prausnitzii_D	79.00
t__SGB7807	Pradoshia sp001183965	98.00
t__SGB749	Peptostreptococcus sp900759325	100.00
t__SGB72681	UMGS1474 sp900552115	15.00
t__SGB8771	CAG-312 sp900546565	100.00
t__SGB6493	CAG-1000 sp000434555	93.00
t__SGB14202	UMGS1865 sp900555785	98.50
t__SGB14016	MGYG000000428	97.50
t__SGB63183	Evtepia sp004554585	28.50
t__SGB2025	Sodaliphilus pleomorphus	99.00
t__SGB15478	Varibaculum timonense	100.00
t__SGB29299	MGYG000003909	13.50
t__SGB14773	Slackia_A isoflavoniconvertens	100.00
t__SGB14111	UMGS692 sp900544545	100.00
t__SGB71397	MGYG000002243	2.00
t__SGB10118	Klebsiella_A oxytoca	100.00
t__SGB17132_group	Pauljensenia sp000758755	88.50
t__SGB35692	MGYG000004621	62.00
t__SGB14312	Phil1 sp004558525	99.50
t__SGB72479	MGYG000000613	2.00
t__SGB4716	CAG-81 sp900066535	95.00
t__SGB14033	MGYG000003934	100.00
t__SGB10207	Hafnia paralvei	100.00
t__SGB8002	Streptococcus thermophilus	94.87
t__SGB9206	UBA11452 sp003526375	50.00
t__SGB14023	UBA10677 sp900767465	100.00
t__SGB4651	TF01-11 sp003149875	100.00
t__SGB14780	Slackia_A sp900553655	35.48
t__SGB6533	UBA7057 sp900542735	99.00
t__SGB17248	Bifidobacterium infantis	88.00
t__SGB5090	KLE1615 sp900066985	96.50
t__SGB4166	Monoglobus pectinilyticus	100.00
t__SGB4873	MGYG000004693	80.50
t__SGB6584	CAG-307 sp001916215	100.00
t__SGB19690	UBA1436 sp002329395	100.00
t__SGB47280	Clostridium sp900547475	95.76
t__SGB4193	CAG-115 sp000432175	100.00
t__SGB7045	Lactobacillus crispatus	99.00
t__SGB2119	Duncaniella sp001701225	100.00
t__SGB2325	Alistipes_A indistinctus	100.00
t__SGB77498	Leptotrichia wadei_A	4.55
t__SGB17231	Bifidobacterium angulatum	100.00
t__SGB28999	MGYG000004077	44.50
t__SGB15125	Pseudoflavonifractor sp014287675	100.00
t__SGB7931	Enterococcus_A avium	100.00
t__SGB33555	MGYG000004817	9.50
t__SGB53807	Marseille-P3106 sp900543935	97.50
t__SGB1855	Bacteroides fragilis	99.50
t__SGB106351	Turicibacter sp001543345	20.50
t__SGB15506	Cloacibacillus evryensis	100.00
t__SGB4269	CAG-41 sp900066215	99.00
t__SGB8180_group	MGYG000003797	50.00
t__SGB6501	MGYG000004393	100.00
t__SGB17247	Bifidobacterium breve	100.00
t__SGB15196	UBA1777 sp003150355	68.93
t__SGB15084	CAG-83 sp900313295	100.00
t__SGB4078	Eubacterium maltosivorans	100.00
t__SGB15317	Faecalibacterium prausnitzii_I	100.00
t__SGB14862	UBA1417 sp900549945	98.50
t__SGB6312	CAG-273 sp000437855	100.00
t__SGB1662	Prevotella pectinovora	95.50
t__SGB4940	Roseburia sp900552665	99.00
t__SGB25438	MGYG000000687	14.00
t__SGB6350	CAG-269 sp900760175	97.00
t__SGB5193	Anaerotignum lactatifermentans	93.38
t__SGB5684	CAG-988 sp003149915	100.00
t__SGB4044	Holdemania massiliensis	100.00
t__SGB14328	CAG-1427 sp900556585	99.50
t__SGB7257	UBA7182 sp003480725	3.00
t__SGB5061	CAG-882 sp900545175	100.00
t__SGB10405	Acinetobacter mesopotamicus	98.00
t__SGB4059	UBA7185 sp900556545	99.50
t__SGB63101	Eggerthella sinensis	9.50
t__SGB1504	Prevotella corporis	99.50
t__SGB9205	UBA11452 sp003526375	98.50
t__SGB10130	Enterobacter hormaechei_A	98.50
t__SGB9272	Mesosutterella multiformis	98.31
t__SGB69175	MGYG000004686	99.00
t__SGB1967	Barnesiella sp002159975	100.00
t__SGB6077	Niameybacter sp900549765	98.00
t__SGB4632	Extibacter hylemonae	100.00
t__SGB4774	Anaerosacchariphilus sp002160765	98.50
t__SGB6421	CAG-433 sp900546245	98.87
t__SGB2310	MGYG000003941	97.00
t__SGB14264	UBA644 sp002299265	100.00
t__SGB13979	UBA7597 sp900542935	100.00
t__SGB37398	Gordonibacter sp003339845	1.50
t__SGB58199	Citrobacter youngae	81.00
t__SGB63167	HGM11575 sp900754775	2.00
t__SGB4872	UMGS1375 sp900551235	100.00
t__SGB19880	UMGS1907 sp900556165	1.00
t__SGB15242	UBA738 sp004557735	93.43
t__SGB14360	Olsenella_E timonensis	96.50
t__SGB17156	Pauljensenia sp000411415	27.27
t__SGB6371	CAG-269 sp001916065	96.50
t__SGB4987	Eisenbergiella massiliensis	100.00
t__SGB5848	Anaeroglobus sp900240295	99.00
t__SGB7044	Lactobacillus acidophilus	99.50
t__SGB14844	Acutalibacter sp000435395	99.50
t__SGB15089	CAG-83 sp000431575	100.00
t__SGB4327	Eubacterium_R sp000436835	100.00
t__SGB14301	UMGS946 sp900544965	99.50
t__SGB6365	CAG-269 sp000435535	99.50
t__SGB6936	Veillonella atypica	91.50
t__SGB14004	UBA10281 sp900764105	100.00
t__SGB25539	Lachnoclostridium_A sp003464085	100.00
t__SGB14868	QAMM01 sp003150405	100.00
t__SGB14114	CAG-314 sp000437915	99.50
t__SGB14123	UMGS743 sp900545085	100.00
t__SGB15386	MGYG000004168	100.00
t__SGB25431	OF09-33XD sp003481995	100.00
t__SGB7985	Lactococcus lactis	97.50
t__SGB8022	Streptococcus infantarius	90.55
t__SGB48023	Hungatella sp005845265	10.00
t__SGB14845	Acutalibacter sp900543555	100.00
t__SGB10083	Citrobacter freundii	93.33
t__SGB66207	Gemmiger sp900545545	14.00
t__SGB17148	Pauljensenia culturomici	7.50
t__SGB14390	Olsenella_B sp900548775	97.50
t__SGB2323	Alistipes_A sp900546005	100.00
t__SGB14960	D5 sp900113995	100.00
t__SGB2298	Alistipes provencensis	96.05
t__SGB9260	Parasutterella sp000980495	98.00
t__SGB15465	Desulfovibrio piger_A	98.55
t__SGB1890	Phocaeicola sp900542985	100.00
t__SGB27742	Butyricimonas synergistica	97.50
t__SGB1790	Odoribacter splanchnicus	98.50
t__SGB5075	Lachnospira rogosae_A	99.50
t__SGB5853	Caecibacter sp003467125	100.00
t__SGB6509	CAG-1193 sp000436255	97.50
t__SGB15002	UBA1777 sp900754515	100.00
t__SGB6276	CAG-245 sp000435175	81.50
t__SGB4274	CAG-964 sp000435335	99.00
t__SGB17137_group	Pauljensenia sp000308055	83.87
t__SGB4425_group	Ruminococcus_C sp000433635	94.50
t__SGB42794	Acidaminococcus fermentans_A	99.50
t__SGB9212	UBA1829 sp002338895	99.00
t__SGB7164	Fructilactobacillus sanfranciscensis	99.50
t__SGB4173	UBA1409 sp900760125	100.00
t__SGB4285	Ruminococcus_E bromii_B	82.50
t__SGB96486	Oribacterium sinus	33.50
t__SGB4198	Ruminiclostridium_E siraeum	98.00
t__SGB1561	Prevotella nigrescens	100.00
t__SGB15107	CAG-83 sp900548615	94.50
t__SGB14962	Massilioclostridium methylpentosum	100.00
t__SGB15480	Varibaculum cambriense_A	89.50
t__SGB7848	Staphylococcus xylosus	8.00
t__SGB1912	Phocaeicola mediterraneensis	92.86
t__SGB15064	Dysosmobacter sp900763685	100.00
t__SGB4832	Blautia_A luti	100.00
t__SGB21554	Prevotella sp002251385	1.50
t__SGB7126	Leuconostoc mesenteroides	94.29
t__SGB14165	CAG-272 sp900556615	99.00
t__SGB1913	Phocaeicola sp900546095	100.00
t__SGB14811	Eggerthella sinensis	5.00
t__SGB6461	MGYG000000662	100.00
t__SGB7968	Enterococcus_B lactis	93.20
t__SGB14759	Enorma timonensis	6.50
t__SGB14242	HGM12650 sp900761725	100.00
t__SGB4608	Mediterraneibacter torques	100.00
t__SGB5989_group	Fusobacterium periodonticum_D	73.50
t__SGB69331	Mediterraneibacter_A butyricigenes	3.50
t__SGB4949	Roseburia sp003483745	97.50
t__SGB20700	Anaeromassilibacillus sp002159845	1.00
t__SGB1477	Prevotellamassilia timonensis	100.00
t__SGB7980	Lactococcus petauri	92.31
t__SGB14907	Negativibacillus sp900547455	33.00
t__SGB6392	CAG-822 sp900546055	100.00
t__SGB3813	HGM11616 sp900761075	97.00
t__SGB105802	MGYG000002726	15.00
t__SGB72339	MGYG000002701	5.50
t__SGB14921	MGYG000002073	94.00
t__SGB2091	Paramuribaculum sp000431155	100.00
t__SGB4714	CAG-81 sp900066785	97.50
t__SGB1653	Prevotella sp900767615	76.00
t__SGB25497	Blautia_A sp003477525	99.50
t__SGB15459	Mailhella sp900541395	100.00
t__SGB6540	CAG-451 sp000438295	94.00
t__SGB14939	UMGS856 sp900760305	100.00
t__SGB4828	Blautia_A sp900066335	100.00
t__SGB14767	QAMH01 sp900556425	100.00
t__SGB13987	UBA1259 sp900760875	98.50
t__SGB23985	Actinomyces sp000220835	6.67
t__SGB3972	Emergencia sp900066695	100.00
t__SGB13950	CAG-917 sp000437555	100.00
t__SGB14106	CAG-1435 sp000433775	100.00
t__SGB63239	MGYG000002726	16.00
t__SGB101613	Erysipelatoclostridium saccharogumia	99.50
t__SGB4670	Coprococcus_A catus	100.00
t__SGB15394	MGYG000002099	100.00
t__SGB4992	MGYG000001809	99.00
t__SGB1940	Parabacteroides faecis	100.00
t__SGB7264	Neobittarella massiliensis	100.00
t__SGB6344	MGYG000000656	100.00
t__SGB5742	Acidaminococcus massiliensis	100.00
t__SGB4669	Coprococcus_A sp900548825	99.50
t__SGB1676	Prevotella sp900290275	100.00
t__SGB1974	Porphyromonas uenonis	88.89
t__SGB79798	MGYG000000390	15.50
t__SGB2047	Prevotella sp900762125	1.00
t__SGB33571	MGYG000004664	5.00
t__SGB15377	SFMI01 sp004556155	100.00
t__SGB37377	Collinsella ihuae	20.50
t__SGB12106	Pseudomonas_E bubulae	96.00
t__SGB8511	Rothia sp902373285	1.00
t__SGB6728	Ezakiella coagulans	92.00
t__SGB6460	CAG-762 sp000432575	99.00
t__SGB10127	Enterobacter ludwigii	100.00
t__SGB4957	AM51-8 sp003478275	100.00
t__SGB14007	UBA10281 sp900767815	95.50
t__SGB14198	UMGS882 sp900757905	100.00
t__SGB5822	Dialister sp900541605	96.50
t__SGB14113	CAG-314 sp900551395	100.00
t__SGB47433	UMGS1279 sp900550315	2.50
t__SGB5080	Lachnospira sp900772425	100.00
t__SGB4811	Blautia_A obeum	99.50
t__SGB15462	Desulfovibrio desulfuricans_A	100.00
t__SGB13990	HGM11412 sp900770185	100.00
t__SGB7025	Lactobacillus iners	100.00
t__SGB17279	Bifidobacterium globosum	100.00
t__SGB15053	Dysosmobacter sp001916835	94.50
t__SGB4571	CAG-317 sp000433215	99.50
t__SGB59836	MGYG000004604	15.50
t__SGB4572	Dorea_B phocaeensis	98.00
t__SGB5117	Coprococcus eutactus_A	100.00
t__SGB4263	Ruminococcus_D sp900539095	100.00
t__SGB1505	Prevotella bergensis	100.00
t__SGB3965	MGYG000004061	94.50
t__SGB86218	Enorma timonensis	16.50
t__SGB95001	AM07-15 sp003477405	45.16
t__SGB66053	MGYG000000356	15.09
t__SGB8769	CAG-312 sp900760665	97.33
t__SGB14824_group	Senegalimassilia anaerobia	50.00
t__SGB2227	RC9 sp000431015	100.00
t__SGB6791	Faecalicoccus pleomorphus	92.52
t__SGB4815	Blautia_A obeum_B	76.54
t__SGB6705	Peptoniphilus_A lacrimalis	99.00
t__SGB4684	Roseburia sp900550935	5.00
t__SGB4546	Anaerostipes sp900066705	88.76
t__SGB4682	Anaerobutyricum sp002161065	40.50
t__SGB14137	QALW01 sp003150515	100.00
t__SGB6184	Clostridium sp900759995	99.50
t__SGB15332	Faecalibacterium prausnitzii	100.00
t__SGB10141	Enterobacter asburiae_B	79.07
t__SGB29877	Leuconostoc pseudomesenteroides	0.50
t__SGB15066	MGYG000003910	87.89
t__SGB6289	UMGS1781 sp900553695	100.00
t__SGB95426	MGYG000000376	1.50
t__SGB15356	Angelakisella sp900547385	99.00
t__SGB6719	Fenollaria timonensis	52.00
t__SGB14180	UMGS1384 sp900551265	96.50
t__SGB15300	Gemmiger formicilis	97.50
t__SGB9256	CAG-521 sp002329575	100.00
t__SGB4050	Peptococcus niger	100.00
t__SGB79702	Hungatella effluvii	7.00
t__SGB6550	CAG-877 sp900554305	99.00
t__SGB29331	MGYG000003770	5.00
t__SGB21585	CAG-873 sp900759845	1.50
t__SGB4894	CAG-95 sp000438155	90.58
t__SGB7085	Pediococcus pentosaceus	1.00
t__SGB5183	UMGS1670 sp900546215	96.00
t__SGB15372	MGYG000002098	88.11
t__SGB14744	MGYG000001575	100.00
t__SGB15384	Firm-11 sp004556545	96.00
t__SGB2212	RC9 sp900546445	100.00
t__SGB35786	Prevotella sp900556825	93.00
t__SGB7061	Ligilactobacillus ruminis	100.00
t__SGB14754	MGYG000004664	100.00
t__SGB15463	Desulfovibrio desulfuricans	100.00
t__SGB14924	CAG-110 sp000435995	98.50
t__SGB7248	Latilactobacillus sakei	97.58
t__SGB49305_group	Rothia dentocariosa	82.00
t__SGB4605	Mediterraneibacter sp900751785	98.50
t__SGB9295	Sutterella faecalis	99.00
t__SGB4393	UBA737 sp002431945	100.00
t__SGB15011	CAG-110 sp900762935	100.00
t__SGB2088	Muribaculum intestinale	100.00
t__SGB29505	Peptoniphilus_E obesi	100.00
t__SGB14150	UMGS1537 sp900761045	98.19
t__SGB1404	UBA6398 sp003150315	100.00
t__SGB3580	HGM11507 sp900761005	100.00
t__SGB5910	Selenomonas_C bovis	95.00
t__SGB15150	Lawsonibacter sp900766145	98.00
t__SGB1424	CAG-617 sp000431275	100.00
t__SGB14361	Olsenella_E sp002159735	100.00
t__SGB4136	HGM11514 sp900757255	100.00
t__SGB2021	Sodaliphilus sp004557565	98.50
t__SGB1666	Prevotella sp002251385	98.00
t__SGB73859	CAG-312 sp002405555	8.50
t__SGB29380	Eisenbergiella tayi	1.50
t__SGB4367	CAG-177 sp003514385	99.50
t__SGB4630	Clostridium_AP scindens	5.50
t__SGB8594	RUG841 sp900772035	100.00
t__SGB17307	Bifidobacterium vaginale_G	100.00
t__SGB15873	Actinomyces sp000220835	19.50
t__SGB1991	Porphyromonas_A somerae	100.00
t__SGB6172	Clostridium disporicum_A	100.00
t__SGB1589	Prevotella sp000436695	99.20
t__SGB7952	Enterococcus_D casseliflavus	73.00
t__SGB6013	Fusobacterium nucleatum_E	26.92
t__SGB15395	UBA7102 sp900760085	100.00
t__SGB17241	Bifidobacterium catenulatum	99.48
t__SGB1688	Prevotella sp900317685	91.92
t__SGB4995	Eisenbergiella sp900550285	100.00
t__SGB1005	UBA4951 sp900540385	99.00
t__SGB1705	Prevotella sp002300055	100.00
t__SGB6070	Fusobacterium vincentii	0.83
t__SGB4939	Roseburia sp900542495	100.00
t__SGB8059_group	Streptococcus sp902363395	62.96
t__SGB4886	CAG-194 sp000432915	100.00
t__SGB2068	CAG-279 sp900541555	98.50
t__SGB9287	Sutterella sp900764215	99.00
t__SGB15076	Dysosmobacter sp900556925	97.00
t__SGB5729	Succiniclasticum sp900315805	100.00
t__SGB9196	MGYG000001792	100.00
t__SGB2311	Alistipes dispar	100.00
t__SGB19431	Campylobacter_B ureolyticus	99.50
t__SGB6179	Clostridium sp900540255	100.00
t__SGB1812	Phocaeicola massiliensis	100.00
t__SGB6576	UMGS75 sp900752975	94.50
t__SGB2215	RC9 sp900541925	100.00
t__SGB7020	Lactobacillus delbrueckii	100.00
t__SGB7039	Lactobacillus gasseri	100.00
t__SGB33551	Raoultibacter timonensis	32.00
t__SGB4882	COE1 sp001916965	97.50
t__SGB1785	Butyricimonas paravirosa	98.50
t__SGB1613	Prevotella sp900313215	100.00
t__SGB15158	Lawsonibacter sp902363045	92.71
t__SGB6726	Ezakiella sp900540185	99.50
t__SGB7261	Anaerostipes hadrus_A	1.00
t__SGB14740	Collinsella stercoris	99.00
t__SGB1823	MGYG000004188	100.00
t__SGB72433	Ellagibacter sp900554945	46.43
t__SGB2154	CAG-485 sp000437495	99.50
t__SGB4438	NSJ-32 sp014384895	100.00
t__SGB7900	Lactobacillus hominis	0.50
t__SGB5042	Eubacterium_G sp000432355	99.50
t__SGB1815	Phocaeicola dorei	88.50
t__SGB7258	Dysosmobacter sp900551885	5.00
t__SGB15309_group	SFJ001 sp004555865	95.00
t__SGB4826	Blautia_A massiliensis	98.00
t__SGB14882	Clostridium_E sporosphaeroides	95.58
t__SGB5785	Phascolarctobacterium sp000436095	100.00
t__SGB5113	CAG-127 sp900539705	100.00
t__SGB14011	UBA4636 sp900770945	100.00
t__SGB1789	Odoribacter sp900548135	100.00
t__SGB6438	CAG-417 sp000432835	100.00
t__SGB14099	UMGS929 sp900546875	100.00
t__SGB3952	QAKD01 sp003343965	99.50
t__SGB4785	Blautia coccoides	99.50
t__SGB4573	CAG-317 sp000433535	85.50
t__SGB1982	Porphyromonas sp900539765	100.00
t__SGB14765	CACZQA01 sp900758075	90.00
t__SGB5874	Mitsuokella sp003458855	1.00
t__SGB3920	OF09-33XD sp003481995	1.00
t__SGB15470	Desulfovibrio fairfieldensis	91.94
t__SGB14211	MGYG000001905	98.50
t__SGB47419	Monoglobus sp900554105	4.00
t__SGB2328	Alistipes_A ihumii	100.00
t__SGB964	Lancefieldella parvula	91.00
t__SGB15249	ER4 sp900317525	98.50
t__SGB16957	Cutibacterium granulosum	3.50
t__SGB1585	Prevotella lascolaii	99.50
t__SGB17265	Bifidobacterium pullorum	99.00
t__SGB4280	Pseudoruminococcus massiliensis	100.00
t__SGB13952	UMGS1688 sp900544575	100.00
t__SGB14250	UMGS1312 sp900550625	99.00
t__SGB73104	UBA1685 sp002320595	1.00
t__SGB4631	Clostridium_AP scindens	88.24
t__SGB5115	Coprococcus sp000433075	100.00
t__SGB4314	Eubacterium_R sp900539425	100.00
t__SGB29347	Massilimaliae timonensis	14.00
t__SGB13135	Achromobacter xylosoxidans	1.90
t__SGB691	Methanobacterium sp000499765	58.50
t__SGB4130	MGYG000000425	100.00
t__SGB2093	Paramuribaculum sp900759835	100.00
t__SGB14888	MGYG000003768	100.00
t__SGB6833	MGYG000004591	70.00
t__SGB14839	MGYG000003876	4.50
t__SGB7929	Enterococcus_A gilvus	100.00
t__SGB1531	Prevotella buccae	99.00
t__SGB4549	Faecalimonas sp000209385	100.00
t__SGB4810	Blautia_A sp000436615	98.17
t__EUK4932	Oribacterium sinus	0.67
t__SGB3962	UBA1191 sp900543485	99.50
t__SGB4994	Eisenbergiella sp900539715	99.00
t__SGB1973	Porphyromonas uenonis_A	94.55
t__SGB6531	UBA7057 sp900543675	100.00
t__SGB9387	Oxalobacter formigenes	100.00
t__SGB6627	MGYG000004558	1.00
t__SGB8130	Streptococcus oralis	29.63
t__SGB14236	HGM12619 sp900753195	100.00
t__SGB5832	Dialister sp900541485	99.41
t__SGB1836	Bacteroides uniformis	81.62
t__SGB14840	UBA1375 sp002305795	92.50
t__SGB59548	MGYG000004857	79.50
t__SGB3685	Anaerobiospirillum succiniciproducens	100.00
t__SGB6346	CAG-269 sp900555615	99.50
t__SGB4165	MGYG000004144	91.00
t__SGB15323	Faecalibacterium prausnitzii_E	98.50
t__SGB15872	Actinomyces sp000220835	98.00
t__SGB2219	MGYG000004790	100.00
t__SGB14803	Enteroscipio rubneri	100.00
t__SGB1677	Prevotella sp002265625	100.00
t__SGB1858	Bacteroides nordii	100.00
t__SGB15346	Faecalibacterium sp900539945	87.00
t__SGB8592	MGYG000001875	100.00
t__SGB8655	Zag111 sp002102825	100.00
t__SGB1617	Prevotella hominis	71.01
t__SGB10086	Citrobacter braakii	90.50
t__SGB4973	UBA2882 sp900542015	100.00
t__SGB4343	MGYG000004131	99.00
t__SGB2127	UBA7173 sp900555165	100.00
t__SGB1615	Prevotella hominis	17.95
t__SGB4294	Ruminococcus_E sp002493635	100.00
t__SGB53576	Gemmiger sp900545545	8.50
t__SGB94928	Mediterraneibacter sp900751785	11.00
t__SGB1948	Parabacteroides johnsonii	75.82
t__SGB385	Methanomethylophilus alvus	100.00
t__SGB15190	UBA1777 sp900546515	100.00
t__SGB6370	CAG-269 sp900551615	94.50
t__SGB14737	Collinsella tanakaei	96.00
t__SGB14151	UMGS1537 sp900552695	100.00
t__SGB8633	MGYG000001678	100.00
t__SGB6790	Faecalitalea cylindroides	100.00
t__SGB54347	MGYG000000710	1.00
t__SGB15074	Dysosmobacter sp900551885	100.00
t__SGB15380	MGYG000000745	100.00
t__SGB4965	CAG-411 sp000437275	95.00
t__SGB42507	UBA737 sp900754145	43.00
t__SGB15290	Gemmiger variabilis_B	99.00
t__SGB5266_group	MGYG000002052	93.50
t__SGB54300	HGM11417 sp900761895	100.00
t__SGB15460	Mailhella sp003150275	100.00
t__SGB4964	UBA11774 sp003507655	100.00
t__SGB53574	Gemmiger sp900545545	99.00
t__SGB14854	BX12 sp014333425	93.50
t__SGB13984	MGYG000001914	100.00
t__SGB15903	Propionibacterium freudenreichii	9.00
t__SGB10209	Hafnia alvei	100.00
t__SGB1429	CAG-462 sp900291465	98.00
t__SGB4739	Hungatella_A hathewayi_A	100.00
t__SGB71360	Emergencia timonensis	3.00
t__SGB63343	Phocea massiliensis	3.50
t__SGB69135	Cardiobacterium valvarum	32.04
t__SGB4695	CAG-56 sp900752065	100.00
t__SGB15038	UBA4644 sp900763355	100.00
t__SGB6250	UBA1234 sp900765095	97.50
t__SGB1847	Bacteroides sp900556215	100.00
t__SGB14932	MGYG000002697	96.50
t__SGB1587	Prevotella sp900554695	96.50
t__SGB71712	Ruminococcus_B sp900544395	25.00
t__SGB4151	UMGS1820 sp900555375	100.00
t__SGB17169	Pauljensenia sp902373545	27.00
t__SGB2304	Alistipes sp900290115	100.00
t__SGB4335	Eubacterium_R sp003526845	100.00
t__SGB14958	MGYG000002698	97.50
t__SGB2185	CAG-831 sp000432775	93.50
t__SGB69261	Bilophila sp902373525	18.50
t__SGB4394	UBA737 sp900549055	89.50
t__SGB23477	Lawsonibacter sp003478995	100.00
t__SGB2016	Porphyromonas endodontalis	83.50
t__SGB4768	UBA7182 sp003481535	99.00
t__SGB15016	CAG-110 sp900763965	100.00
t__SGB4933	Agathobacter rectalis	97.50
t__SGB4372	CAG-488 sp000434915	98.50
t__SGB4625	MGYG000004572	100.00
t__SGB7197	Levilactobacillus brevis	4.00
t__SGB4146	UMGS1883 sp900763305	100.00
t__SGB15388	Firm-11 sp900550955	100.00
t__SGB27144	UMGS1293 sp900754495	44.00
t__SGB59855	Mediterraneibacter sp002314255	12.50
t__SGB63341	Phocea massiliensis	3.50
t__SGB1670	Prevotella sp900553595	97.50
t__SGB4771	Anaerosacchariphilus sp900553635	98.00
t__SGB6528	CAG-533 sp004563275	100.00
t__SGB6513	CAG-605 sp000433255	100.00
t__SGB15017	MGYG000003884	100.00
t__SGB1832	Bacteroides clarus	99.50
t__SGB14227	UBA1752 sp900554405	100.00
t__SGB10114	Klebsiella variicola	97.01
t__SGB14196	UMGS1387 sp900551295	100.00
t__SGB1588	Prevotella rara	97.50
t__SGB6772	Stoquefichus sp001244545	99.00
t__SGB17305	Bifidobacterium sp002884815	89.05
t__SGB2284	Rikenella microfusus	100.00
t__SGB2018	MGYG000003754	100.00
t__SGB17151	Pauljensenia sp902373545	10.50
t__SGB8779	CAG-312 sp000438015	100.00
t__SGB15131	Flavonifractor sp900549795	99.50
t__SGB86230	Arabia massiliensis	5.00
t__SGB8590	UMGS1477 sp900552205	99.50
t__SGB14837	Phocea massiliensis	100.00
t__SGB4036	Clostridium_AQ sp000165065	100.00
t__SGB14372	Olsenella_E sp003150175	99.00
t__SGB8625	QAMI01 sp900551915	98.50
t__SGB14307	UBA5394 sp003150565	98.00
t__SGB14379	Parolsenella catena	94.00
t__SGB15449	MGYG000001832	100.00
t__SGB4888	MGYG000004169	99.00
t__SGB29340	Christensenella timonensis	100.00
t__SGB4626	Merdimonas faecis	99.00
t__SGB49168	MGYG000004556	1.00
t__SGB42958	MGYG000004817	6.00
t__SGB40892	Mailhella sp003150275	34.50
t__SGB3574	UMGS1975 sp900546685	100.00
t__SGB15452	Bilophila wadsworthia	93.00
t__SGB14906	Negativibacillus sp900547455	99.00
t__SGB6308	CAG-273 sp003534295	100.00
t__SGB4108	MGYG000004322	100.00
t__SGB1540	Prevotella denticola	100.00
t__SGB4654	TF01-11 sp003524945	100.00
t__SGB14194	MGYG000004035	100.00
t__SGB4761	Enterocloster citroniae	100.00
t__SGB59850	MGYG000004558	47.00
t__SGB4721	CAG-81 sp000435795	93.50
t__SGB9227	Akkermansia muciniphila_C	95.24
t__SGB4762	Enterocloster aldenensis	100.00
t__SGB15173	MGYG000004327	77.00
t__SGB79833	MGYG000002727	4.00
t__SGB14847	Acutalibacter sp900543305	100.00
t__SGB15140	Pseudoflavonifractor capillosus	100.00
t__SGB4877	Fusicatenibacter sp900543115	98.50
t__SGB14792	MGYG000004183	99.00
t__SGB1840	OM05-12 sp003438995	100.00
t__SGB7253	Massilimaliae timonensis	100.00
t__SGB9656	Haemophilus_D pittmaniae	100.00
t__SGB2303	Alistipes onderdonkii	99.50
t__SGB66146	MGYG000004701	11.50
t__SGB4537	Anaerobutyricum soehngenii	100.00
t__SGB12676	Comamonas kerstersii	100.00
t__SGB9346	CAG-495 sp000436375	100.00
t__SGB65958	Faecalimonas sp900550235	89.50
t__SGB79690	MGYG000004891	4.50
t__SGB6834	MGYG000004591	30.00
t__SGB13978	UBA7597 sp900767195	98.50
t__SGB9228	Akkermansia muciniphila_B	96.00
t__SGB14041	UMGS1004 sp900547645	31.00
t__SGB1844	Bacteroides cellulosilyticus	69.50
t__SGB14895	Anaeromassilibacillus sp001305115	100.00
t__SGB28985	Oscillibacter ruminantium	100.00
t__SGB6754	Faecalibacillus intestinalis	90.40
t__SGB3988	CAG-238 sp900542245	100.00
t__SGB6823	UBA636 sp900546285	96.50
t__SGB9243	Duodenibacillus sp900544335	98.43
t__SGB5903	Mitsuokella sp900552565	100.00
t__SGB9463	Neisseria macacae	15.00
t__SGB15497	Pyramidobacter piscolens	96.00
t__SGB6411	CAG-776 sp900549285	100.00
t__SGB14930	UMGS1623 sp900553525	99.00
t__SGB63344	UMGS966 sp900761965	18.00
t__SGB4052	UMGS1590 sp900553245	98.50
t__SGB66626	Erysipelatoclostridium spiroforme	62.67
t__SGB15390	Firm-11 sp900540045	96.00
t__SGB4750	Enterocloster sp900541315	99.50
t__SGB2149	MGYG000003816	99.00
t__SGB6178	Clostridium saudiense	99.00
t__SGB3579	MGYG000004010	100.00
t__SGB15885	Actinomyces sp900323545	100.00
t__SGB1954	Barnesiella sp900542255	100.00
t__SGB14948	UBA5905 sp900549155	100.00
t__SGB6180	Clostridium celatum	100.00
t__SGB15236	CAG-170 sp002404795	99.00
t__SGB4191	CAG-115 sp003531585	100.00
t__SGB17823	F082 sp002633315	100.00
t__SGB5273	Oribacterium sinus	98.86
t__SGB59869	Catenibacillus sp902363555	9.00
t__SGB14190	UBA1740 sp004558975	100.00
t__SGB6036_group	Fusobacterium_A sp900555845	93.00
t__SGB5852	Caecibacter massiliensis	100.00
t__SGB5849	Caecibacter sp900549385	100.00
t__SGB53461	D5 sp900113995	12.28
t__SGB66168	UMGS1633 sp900553645	16.50
t__SGB48013	Lactonifactor sp009677585	99.50
t__SGB63312	MGYG000001205	24.00
t__SGB6458	CAG-710 sp000432595	100.00
t__SGB4574	CAG-317 sp900543415	78.50
t__SGB15091	CAG-83 sp001916855	96.94
t__SGB15493	Parascardovia denticolens	3.50
t__SGB2169	CAG-485 sp900554345	100.00
t__SGB6260	MGYG000002201	100.00
t__SGB8255_group	Granulicatella sp001058355	49.00
t__SGB2076	CAG-873 sp001701165	100.00
t__SGB4301	UBA5884 sp900551505	99.50
t__SGB6264	MGYG000000423	100.00
t__SGB6298	CAG-273 sp900752095	95.24
t__SGB17096	Corynebacterium striatum	7.00
t__SGB2084	Muribaculum sp001701195	100.00
t__SGB3958	UBA1191 sp900066305	100.00
t__SGB29097	Clostridium disporicum_A	36.00
t__SGB79822	MGYG000001106	63.00
t__SGB5896	MGYG000004076	1.04
t__SGB4725	Enterocloster lavalensis	96.00
t__SGB15139	MGYG000002035	8.50
t__SGB1977	Porphyromonas sp900538385	72.41
t__SGB6715	Peptoniphilus_B duerdenii	100.00
t__SGB31198	Raoultella ornithinolytica	28.00
t__SGB6273	CAG-245 sp900552135	100.00
t__SGB48024	UBA9502 sp900770535	99.50
t__SGB5870	Anaeroglobus geminatus	100.00
t__SGB4027	Merdibacter sp900759455	98.00
t__SGB6310	CAG-273 sp000435755	99.00
t__SGB14224	MGYG000001879	97.50
t__SGB17008	Corynebacterium pacaense	2.00
t__SGB4116	Anaerofustis stercorihominis	99.00
t__SGB10146	Enterobacter sichuanensis	6.00
t__SGB47358	MGYG000004509	3.00
t__SGB14108	MGYG000002188	100.00
t__SGB14768	QAMH01 sp003149935	76.47
t__SGB29313	Butyricicoccus sp900547195	22.50
t__SGB4622	Lachnoclostridium_B phocaeensis	99.50
t__SGB6445	UBA5026 sp900546745	98.50
t__SGB1827	Bacteroides cutis	100.00
t__SGB7830	Staphylococcus capitis	3.00
t__SGB4444	MGYG000004517	100.00
t__SGB1903	Phocaeicola plebeius_A	95.48
t__SGB4591	Schaedlerella sp900765975	96.50
t__SGB6040	Fusobacterium_A varium_A	99.38
t__SGB5063	CAG-882 sp000435595	97.00
t__SGB3928	Mobilibacterium sp900315625	99.00
t__SGB4772	Anaerosacchariphilus sp014290175	100.00
t__SGB47116	MGYG000002909	58.00
t__SGB9992	Proteus mirabilis	98.50
t__SGB2082	Paramuribaculum sp001689535	91.50
t__SGB14018	UMGS1795 sp900553555	99.50
t__SGB15252	ER4 sp900550165	96.15
t__SGB2285	UBA940 sp900768115	100.00
t__SGB29095	Clostridium cuniculi	94.12
t__SGB9342	CAG-495 sp000432275	100.00
t__SGB14922	CAG-110 sp900546915	100.00
t__SGB17154	Pauljensenia sp900556405	58.24
t__SGB6927_group	Veillonella sp900550455	90.00
t__SGB6388	MGYG000004427	100.00
t__SGB6541	MGYG000004502	97.00
t__SGB4770	Anaerosacchariphilus sp900066385	100.00
t__SGB15001	MGYG000004139	97.50
t__SGB9223	Akkermansia sp004167605	100.00
t__SGB9279	Duodenibacillus sp900552915	100.00
t__SGB15318	Faecalibacterium prausnitzii_C	95.00
t__SGB6334	CAG-354 sp900555085	94.50
t__SGB29302	Mediterraneibacter sp900555215	7.50
t__SGB15403	HGM11588 sp900754755	99.00
t__SGB5843	Allisonella histaminiformans	100.00
t__SGB5803_group	Dialister hominis	100.00
t__SGB72336	UBA5905 sp002437905	1.00
t__SGB17167_group	Pauljensenia sp000278725	87.50
t__SGB14397	Collinsella bouchesdurhonensis	99.00
t__SGB15093	CAG-83 sp900545585	99.00
t__SGB7283	Gemella morbillorum	13.00
t__SGB15154	Lawsonibacter asaccharolyticus	100.00
t__SGB5040	RUG14107 sp900772685	100.00
t__SGB15306	Gemmiger variabilis	100.00
t__SGB1370	RF16 sp900556095	96.50
t__SGB63307	MGYG000004732	34.50
t__SGB17045	Corynebacterium afermentans	1.92
t__SGB6343	MGYG000000494	100.00
t__SGB15143	Lawsonibacter sp900066645	100.00
t__SGB27767	UBA7173 sp900759895	23.00
t__SGB15273	Ruthenibacterium sp900759375	94.50
t__SGB14025	UBA10677 sp900762945	100.00
t__SGB57558	MGYG000000840	97.50
t__SGB1848	Bacteroides stercorirosoris	97.00
t__SGB6330	CAG-492 sp900553225	100.00
t__SGB9283	Sutterella wadsworthensis	98.50
t__SGB6403	UMGS1572 sp900553045	100.00
t__SGB15225	CAG-170 sp900549635	98.50
t__SGB14243	UBA1206 sp000433115	100.00
t__SGB14804	Paraeggerthella hongkongensis_A	100.00
t__SGB4135	UMGS882 sp003343885	97.00
t__SGB53706	Dysosmobacter sp900551885	30.50
t__SGB15270	UBA1777 sp900546515	2.50
t__SGB10064	Escherichia marmotae	99.50
t__SGB3983	CAG-238 sp000435615	94.50
t__SGB15471	Desulfovibrio sp900540515	99.50
t__SGB8770	CAG-312 sp001917305	97.84
t__SGB2240	RC9 sp000432515	100.00
t__SGB14185	UMGS1225 sp900549725	100.00
t__SGB4991	Eisenbergiella sp900544445	99.50
t__SGB10079	Citrobacter_B koseri	100.00
t__SGB14857	UMGS403 sp900540275	100.00
t__SGB15383	UMGS1600 sp900553315	97.50
t__SGB14027	Borkfalkia ceftriaxoniphila	100.00
t__SGB14109	CAG-1435 sp900769665	100.00
t__SGB4577	Bariatricus comes	94.00
t__SGB2145	MGYG000004430	94.00
t__SGB2107	MGYG000004219	98.50
t__SGB15201	UBA5446 sp900544295	99.00
t__SGB6376	CAG-269 sp001916035	100.00
t__SGB1796	Paraprevotella sp900546665	100.00
t__SGB10139	Enterobacter roggenkampii	92.00
t__SGB3959	MGYG000001727	99.50
t__SGB14262	MGYG000004033	100.00
t__SGB4799	Blautia sp900765525	96.00
t__SGB1636	Prevotella sp900546535	92.23
t__SGB14797	Adlercreutzia celatus_A	66.22
t__SGB15082	CAG-83 sp900756715	100.00
t__SGB1606	Prevotella sp002251295	100.00
t__SGB6956	Veillonella rogosae	85.00
t__SGB66070	Blautia_A caecimuris	6.00
t__SGB8780	UMGS1490 sp900547395	100.00
t__SGB2124	UBA7173 sp900548705	100.00
t__SGB4866	MGYG000003822	99.50
t__SGB14331	CAG-1427 sp900551155	97.62
t__SGB2089	Duncaniella dubosii	100.00
t__SGB9340	51-20 sp001917175	99.01
t__SGB6768	Massiliomicrobiota sp002160815	99.50
t__SGB7970	Enterococcus_B hirae	100.00
t__SGB1943	Parabacteroides acidifaciens	98.00
t__SGB6372	CAG-269 sp900552555	94.00
t__SGB17525	Cloacibacillus evryensis	1.50
t__SGB6369	CAG-269 sp000438255	98.50
t__SGB124	UMGS1307 sp900550505	97.50
t__SGB6360	MGYG000004411	100.00
t__SGB15389	Firm-11 sp900553905	99.00
t__SGB1037	UBA4248 sp004554395	100.00
t__SGB1668	Prevotella sp900543975	100.00
t__SGB14861	UBA1417 sp003531055	100.00
t__SGB14999	MGYG000002726	99.00
t__SGB4914	Acetatifactor sp900066565	89.50
t__SGB4328	Eubacterium_R sp000434995	100.00
t__SGB14341	CAG-1427 sp000435675	89.29
t__SGB1680	Prevotella sp000434975	97.50
t__SGB4290	Ruminococcus_E sp003526955	98.00
t__SGB72437	MGYG000004238	30.00
t__SGB82511	Catenibacillus sp902363555	100.00
t__SGB4181	UBA1394 sp900538575	100.00
t__SGB4825	Blautia_A schinkii	92.31
t__SGB4365	CAG-177 sp003538135	100.00
t__SGB1795	Paraprevotella sp003477995	99.50
t__SGB17157	Pauljensenia sp000411415	16.00
t__SGB33553	MGYG000004817	39.37
t__SGB77276	Clostridium neonatale	1.50
t__SGB1897	Phocaeicola barnesiae	95.50
t__SGB8154	Streptococcus mitis_BB	96.88
t__SGB1960	MGYG000004037	97.86
t__SGB1664	Prevotella sp900557405	100.00
t__SGB69197	Gemmiger sp900556255	69.00
t__SGB17168	Pauljensenia sp902373545	98.00
t__SGB5744	Acidaminococcus sp000437815	99.00
t__SGB4798	Blautia sp900541955	99.50
t__SGB14252	UMGS874 sp900546315	98.00
t__SGB4782	UBA7160 sp902363665	99.50
t__SGB6716	Fenollaria massiliensis	100.00
t__SGB54319	UMGS1004 sp900547645	36.00
t__SGB33590	Olsenella_E provencensis	10.50
t__SGB13993	UBA11475 sp003538975	91.67
t__SGB6449	UMGS1045 sp900547995	100.00
t__SGB4778	MGYG000000378	100.00
t__SGB15160	Lawsonibacter sp003478995	12.00
t__SGB4709	UBA9502 sp003506385	99.50
t__SGB38957	CAG-145 sp900754795	1.00
t__SGB10057	Phytobacter diazotrophicus	99.00
t__SGB59711	MGYG000004359	8.50
t__SGB1782	Butyricimonas faecalis	100.00
t__SGB4528	Anaerostipes rhamnosivorans	100.00
t__SGB14826	Senegalimassilia sp900550055	80.00
t__SGB14974	AM07-15 sp003477405	89.00
t__SGB1942	Parabacteroides gordonii	100.00
t__SGB9262	Parasutterella excrementihominis	94.00
t__SGB15251	ER4 sp900768135	100.00
t__SGB15234	CAG-170 sp000432135	97.86
t__SGB4859	Blautia_A sp900541345	90.86
t__SGB15165	MGYG000003975	100.00
t__SGB15244	UBA738 sp003522945	90.38
t__SGB4619	Sellimonas sp002161525	100.00
t__SGB13994	HGM11416 sp900766495	100.00
t__SGB5071	Lachnospira sp900545725	100.00
t__SGB4197	Ruminiclostridium_E sp900539195	100.00
t__SGB14205	UMGS1865 sp900547725	98.50
t__SGB1916	Phocaeicola salanitronis	99.00
t__SGB14350	UBA7748 sp900314535	100.00
t__SGB6169	Clostridium neonatale	100.00
t__SGB14384	Olsenella sp001457795	7.50
t__SGB14019	UMGS1795 sp900761165	100.00
t__SGB14351	MGYG000000585	61.54
t__SGB1965	Barnesiella intestinihominis	98.50
t__SGB9209	UBA1829 sp900549045	100.00
t__SGB1818	Phocaeicola sp900546645	100.00
t__SGB15124	Dysosmobacter sp014297375	100.00
t__SGB8631	Zag1 sp000433095	99.50
t__SGB1663	Prevotella sp900548745	100.00
t__SGB72486	Parolsenella sp900552935	59.02
t__SGB4046	Holdemania filiformis	100.00
t__SGB71394	UMGS599 sp900543705	22.50
t__SGB47656	Marvinbryantia sp014385005	78.50
t__SGB25547	MGYG000004184	61.50
t__SGB2237	RC9 sp900546925	99.00
t__SGB15400	MGYG000003833	99.50
t__SGB1871	Bacteroides ovatus	64.60
t__SGB14965	Anaerotruncus massiliensis	99.50
t__SGB9208	UBA1829 sp900548385	100.00
t__SGB9344	CAG-495 sp900540425	100.00
t__SGB4703	Clostridium_Q sp000435655	95.50
t__SGB7028	Lactobacillus apis	100.00
t__SGB82499	GCA-900066755 sp902363085	100.00
t__SGB6526	CAG-533 sp000434495	100.00
t__SGB1846	Bacteroides intestinalis	81.60
t__SGB63342	Phocea massiliensis	2.50
t__SGB47518	Catenibacillus sp900553975	100.00
t__SGB6820	Bulleidia sp900539965	1.50
t__SGB1941	Parabacteroides goldsteinii	99.00
t__SGB7076	Ligilactobacillus animalis	99.46
t__SGB4747	UBA9502 sp900540335	100.00
t__SGB6136	Clostridioides difficile	94.50
t__SGB4529	Anaerostipes caccae	99.50
t__SGB14148	UMGS1851 sp900555605	100.00
t__SGB9153	MGYG000003965	100.00
t__SGB7995	Streptococcus sobrinus	99.50
t__SGB37397	UMGS124 sp900539345	4.00
t__SGB14116	SFEB01 sp004558105	100.00
t__SGB33580	MGYG000004577	1.02
t__SGB4621	Lachnoclostridium_B sp900543315	98.00
t__SGB6450	MGYG000004401	100.00
t__SGB9280	Duodenibacillus sp003472385	100.00
t__SGB15286	Gemmiger qucibialis	98.50
t__SGB9652	Haemophilus influenzae	35.71
t__SGB4887	MGYG000000626	100.00
t__SGB14849	Acutalibacter sp000432995	100.00
t__SGB14095	HGM11377 sp900755035	100.00
t__SGB15202	UBA5446 sp900546485	100.00
t__SGB14871	Pygmaiobacter massiliensis	100.00
t__SGB15048	UMGS1872 sp900555795	100.00
t__SGB15100	CAG-83 sp900556015	98.70
t__SGB6604	CAG-826 sp000437235	100.00
t__SGB47291	UMGS1933 sp900772235	5.50
t__SGB66067	Merdimonas sp900553355	18.50
t__SGB4746	UBA9502 sp900538475	99.00
t__SGB7129	Leuconostoc citreum	10.50
t__SGB4868	Ruminococcus_A sp003011855	95.00
t__SGB8648	MGYG000003995	96.00
t__SGB2085	Muribaculum sp003150235	100.00
t__SGB6031	Fusobacterium_A mortiferum	99.00
t__SGB9278	Duodenibacillus sp900767875	100.00
t__SGB8071	Streptococcus parasanguinis_B	42.24
t__SGB14535_group	Collinsella sp900544425	2.00
t__SGB14142	Christensenella minuta	100.00
t__SGB4920	Agathobacter sp900549895	100.00
t__SGB2136	UBA7173 sp001915385	82.00
t__SGB8599	CAG-306 sp000980375	100.00
t__SGB4026	Massilicoli timonensis	97.00
t__SGB4490	Lachnoanaerobaculum umeaense	100.00
t__SGB6524	HGM10766 sp900757295	100.00
t__SGB4613	Muricomes contortus_B	93.50
t__SGB13975	CAG-349 sp001940895	100.00
t__SGB8018	Streptococcus pasteurianus	93.58
t__SGB4988	Eisenbergiella tayi	99.50
t__SGB5058	CAG-603 sp900066105	100.00
t__SGB5072	Lachnospira sp900551945	100.00
t__SGB29375	Ruminococcus_G gauvreauii	100.00
t__SGB1002	UBA733 sp900550795	87.50
t__SGB2155	CAG-485 sp900541835	100.00
t__SGB7231	Companilactobacillus farciminis	3.50
t__SGB15211	UBA5446 sp900543085	100.00
t__SGB14223	QALR01 sp900552255	100.00
t__SGB14968	MGYG000003980	99.00
t__SGB15042	NK3B98 sp900752305	89.50
t__SGB4871	UMGS1375 sp900066615	100.00
t__SGB5302	Murdochiella massiliensis	98.50
t__SGB6796	Holdemanella sp002299315	78.50
t__SGB4909	Acetatifactor sp003447295	93.00
t__SGB7996	Streptococcus sobrinus	51.00
t__SGB6747	Erysipelatoclostridium spiroforme	95.00
t__SGB14835	MGYG000000450	97.50
t__SGB6683	Finegoldia magna_H	98.37
t__SGB3980	Alterileibacterium massiliense	99.50
t__SGB63311	MGYG000004700	50.00
t__SGB2094	Amulumruptor caecigallinarius	100.00
t__SGB4837	Blautia_A wexlerae_A	86.00
t__SGB79925	MGYG000004616	1.50
t__SGB15136	MGYG000003869	99.50
t__SGB4424	MGYG000004586	100.00
t__SGB14300	SFDB01 sp004558825	100.00
t__SGB14313	Phil1 sp001940855	100.00
t__SGB8597	UMGS951 sp900547155	99.45
t__SGB15413	UMGS1633 sp900553645	98.00
t__SGB13998	UBA10281 sp900556195	100.00
t__SGB1891	Phocaeicola coprocola	100.00
t__SGB66171	MGYG000004154	24.00
t__SGB4701	Clostridium_Q saccharolyticum_A	100.00
t__SGB5967	Brachyspira aalborgi	100.00
t__SGB15411	RUG11247 sp902767315	98.00
t__SGB2326	Alistipes_A sp900240235	100.00
t__SGB14305	PeH17 sp900542285	99.50
t__SGB14367	Olsenella_E provencensis	95.00
t__SGB1862	Bacteroides finegoldii	100.00
t__SGB1483	Prevotella sp900313215	1.00
t__SGB6307	CAG-273 sp003507395	100.00
t__SGB4553_group	Schaedlerella sp900066545	20.00
t__SGB7967	Enterococcus_B faecium	92.00
t__SGB7180	Pediococcus pentosaceus	2.50
t__SGB1979	MGYG000003837	100.00
t__SGB7121_group	Leuconostoc lactis	100.00
t__SGB15075	Dysosmobacter sp900752075	100.00
t__SGB54320	UMGS1004 sp900547645	98.50
t__SGB19337	Campylobacter_A concisus_I	21.00
t__SGB14954	UCG-010 sp003150215	100.00
t__SGB29433	Lachnoclostridium_A edouardi	100.00
t__SGB2279	Alistipes_A sp900539755	100.00
t__SGB6564	CAG-631 sp000433015	98.50
t__SGB33550	Raoultibacter timonensis	98.50
t__SGB106454	Romboutsia dakarensis	29.00
t__SGB9298	Sutterella seckii_A	86.67
t__SGB5898_group	Mitsuokella multacida	3.17
t__SGB4029	Merdibacter sp900543035	99.00
t__SGB101324	Blautia_A sp000436615	50.00
t__SGB47368	CAG-877 sp900548695	100.00
t__SGB14048	UMGS1880 sp900761765	100.00
t__SGB4329	Eubacterium_R sp900539325	100.00
t__EUK944036	MGYG000004654	1.03
t__SGB7928	Enterococcus_A devriesei	99.50
t__SGB9307	UBA11549 sp900550445	100.00
t__SGB57321	MGYG000004750	90.00
t__SGB6973	Anaerovibrio sp900548165	100.00
t__SGB72735	MGYG000004727	97.00
t__SGB53446	NK3B98 sp900758315	74.00
t__SGB1416	43-108 sp001915545	100.00
t__SGB6139	Intestinibacter sp900540355	99.00
t__SGB2108	MGYG000002606	100.00
t__SGB54294	Olsenella sp900555995	94.50
t__SGB9242	Duodenibacillus sp900542805	100.00
t__SGB47635	MGYG000002785	73.00
t__SGB6291	UMGS1781 sp900554635	100.00
t__SGB3937	Eubacterium_M sp900540015	90.00
t__SGB15503	An23 sp900544635	95.50
t__SGB1626	Prevotella sp900557255	99.50
t__SGB20815	MGYG000004004	16.50
t__SGB15370	SFFH01 sp900548125	97.53
t__SGB1888	Phocaeicola coprophilus	100.00
t__SGB4247	CAG-353 sp900066885	100.00
t__SGB3994	CAG-145 sp002320005	100.00
t__SGB4960	Eubacterium_I ramulus_A	97.00
t__SGB4834	Blautia_A sp003471165	100.00
t__SGB53517	MGYG000003211	94.50
t__SGB14816_group	Ellagibacter isourolithinifaciens	80.77
t__SGB4963	1XD42-69 sp014287635	99.50
t__SGB4729	Lachnoclostridium_A sp002160755	100.00
t__SGB5191	Anaerotignum sp001304995	98.33
t__SGB15469	Desulfovibrio legallii	100.00
t__SGB5057	CAG-303 sp900539455	100.00
t__SGB82504	Anaerocolumna aminovalerica	3.00
t__SGB15004	UBA1777 sp002320035	100.00
t__SGB15161	MGYG000000339	87.50
t__SGB5051	Eubacterium_G sp000435815	100.00
t__SGB4547	Anaerostipes hadrus_A	98.50
t__SGB4861	Blautia_A sp900547615	93.33
t__SGB53522	F23-B02 sp002472405	77.08
t__SGB4063	MGYG000004118	98.00
t__SGB14216	UMGS902 sp900761025	98.50
t__SGB4159	UMGS1494 sp900552305	100.00
t__SGB63164	UMGS1603 sp900759005	34.00
t__SGB4241	UMGS363 sp900768245	100.00
t__SGB6383	CAG-465 sp000433135	100.00
t__SGB61016	Gemmiger variabilis_B	0.50
t__SGB4035	Amedibacillus dolichus	100.00
t__SGB72833	CAG-170 sp002404795	1.00
t__SGB15233	CAG-170 sp900545925	94.50
t__SGB15440	Nitratidesulfovibrio vulgaris	99.50
t__SGB7902	Enterococcus caccae	2.50
t__SGB10112	Klebsiella quasipneumoniae	88.46
t__SGB14855	UMGS403 sp900541565	98.00
t__SGB4891	CAG-95 sp000436115	100.00
t__SGB17153	Pauljensenia sp000411415	96.83
t__SGB5909	Selenomonas_C sp002351185	97.00
t__SGB4648	Eubacterium_F sp900539115	94.00
t__SGB14297	UMGS1241 sp900550525	100.00
t__SGB6188	Clostridium sp900539375	99.50
t__SGB14124	QANA01 sp003149735	90.50
t__SGB40306	UBA7173 sp900540205	2.50
t__SGB1878	Bacteroides congonensis	89.50
t__SGB3542	Treponema_D berlinense	98.65
t__SGB14832	QAMX01 sp004555605	100.00
t__SGB4779	GCA-900066135 sp900066135	100.00
t__SGB6382	CAG-465 sp000433335	100.00
t__SGB7973	Enterococcus_G italicus	98.50
t__SGB4423	Ruminococcus_C sp000437255	99.50
t__SGB4990	Eisenbergiella sp900555195	99.50
t__SGB4786	Blautia sp001304935	100.00
t__SGB6444	UBA5026 sp900552335	100.00
t__SGB15130	MGYG000001958	69.50
t__SGB15099	CAG-83 sp900551355	77.61
t__SGB6327	MGYG000004195	100.00
t__SGB15123	HGM12998 sp900756495	100.00
t__SGB4816	Blautia_A sp900066145	99.50
t__SGB14810	Eggerthella sinensis	97.50
t__SGB6952	Veillonella dispar_A	26.50
t__SGB8767	CAG-312 sp900545715	95.59
t__SGB14923	CAG-110 sp900544975	99.00
t__SGB13955	UMGS1688 sp900553825	100.00
t__SGB14238	CAG-841 sp000437375	100.00
t__SGB6173	Clostridium sp000435835	100.00
t__SGB8067	Streptococcus parasanguinis	21.98
t__SGB4671	Frisingicoccus sp900757195	98.00
t__SGB73075	UMGS1603 sp900553265	6.50
t__SGB63325	MGYG000000390	1.50
t__SGB2275	UBA1820 sp003150615	100.00
t__SGB105989	MGYG000002785	36.50
t__SGB15229	CAG-170 sp900553545	96.50
t__SGB14911	MGYG000003854	99.00
t__SGB4713	CAG-81 sp900556965	100.00
t__SGB4870	Ruminococcus_A sp000432335	99.00
t__SGB6270	CAG-245 sp900758165	100.00
t__SGB4364	CAG-177 sp000431775	100.00
t__SGB8608	UBA6984 sp900550295	99.50
t__SGB8095	Streptococcus infantis_I	66.07
t__SGB6267	UMGS1901 sp900553755	100.00
t__SGB8768	CAG-312 sp900545705	95.71
t__SGB7249	Latilactobacillus curvatus	100.00
t__SGB14863	UBA1417 sp900552925	98.50
t__SGB15068	Dysosmobacter sp900548505	29.00
t__SGB42906	Olsenella_B sp900770865	36.59
t__SGB15216	CAG-110 sp003525905	99.00
t__SGB2302	Alistipes sp902388705	100.00
t__SGB6293	CAG-452 sp000434035	85.42
t__SGB15072	Dysosmobacter sp000436875	100.00
t__SGB29304	MGYG000003909	4.50
t__SGB17300	Alloscardovia omnicolens	100.00
t__SGB71706	Bariatricus sp900554415	54.36
t__SGB2321	Alistipes sp900546065	100.00
t__SGB25538	Murimonas intestini	100.00
t__SGB14995	Agathobaculum sp900291975	100.00
t__SGB15494	Scardovia wiggsiae	100.00
t__SGB60876	MGYG000004171	15.00
t__SGB6183	Clostridium tertium	100.00
t__SGB15505	Cloacibacillus evryensis	13.50
t__SGB7056	Lactobacillus kalixensis	100.00
t__SGB5858	Megasphaera sp000417505	96.12
t__SGB4638	V9D3004 sp900760345	100.00
t__SGB53514	Ruthenibacterium sp900759375	17.65
t__SGB1481	Prevotellamassilia sp000437675	100.00
t__SGB1956	UBA11471 sp900547555	73.33
t__SGB4687	AM51-8 sp900761925	98.50
t__SGB14949	UBA5905 sp900763035	100.00
t__SGB6699	Peptoniphilus_A sp900538655	97.50
t__SGB7979	Lactococcus garvieae	91.18
t__SGB6970	Selenomonas_A sp900769615	100.00
t__SGB15109	CAG-83 sp900555735	97.00
t__SGB9347	CAG-495 sp001917125	98.50
t__SGB15051	Dysosmobacter sp900544615	99.50
t__SGB80143	CAG-238 sp900754805	5.00
t__SGB48242	CAG-873 sp900759825	100.00
t__SGB15121	Evtepia sp900546255	99.00
t__SGB4777	MGYG000002075	99.00
t__SGB6629	MGYG000000398	0.50
t__SGB4342	UMGS1484 sp900552285	98.00
t__SGB58358	MGYG000001857	91.00
t__SGB4758	Enterocloster bolteae	98.00
t__SGB15275	Fournierella sp900543285	97.50
t__SGB14253	UMGS1696 sp900753285	100.00
t__SGB14308	UBA5394 sp900542615	92.00
t__SGB5119	Coprococcus sp900767685	100.00
t__SGB96977	None	0
t__SGB4705	Clostridium_Q sp003024715	100.00
t__SGB7221	Lentilactobacillus kefiri	99.50
t__SGB4833	MGYG000001189	90.50
t__SGB15097	CAG-83 sp900547745	98.33
t__SGB14755	Collinsella ihuae	100.00
t__SGB4155	UMGS1820 sp900545865	100.00
t__SGB4775	MGYG000004630	32.00
t__SGB4037	Clostridium_AQ innocuum	99.50
t__SGB4791	Blautia sp000432195	94.00
t__SGB4756	Enterocloster sp900540675	100.00
t__SGB4763	Enterocloster sp000155435	100.00
t__SGB6422	CAG-433 sp000433675	99.41
t__SGB14014	UBA11940 sp900549005	99.50
t__SGB15894	MGYG000000390	3.03
t__SGB1781	Butyricimonas sp003479425	100.00
t__SGB1934	Parabacteroides distasonis	96.50
t__SGB4629	Lachnoclostridium_B sp900066765	100.00
t__SGB15156	Lawsonibacter sp900545895	98.50
t__SGB8235_group	None	0
t__SGB9333	CAG-267 sp001917135	99.50
t__SGB15145	Lawsonibacter sp900549405	97.74
t__SGB14770	QAMH01 sp900544245	99.00
t__SGB19429	Campylobacter_B hominis	100.00
t__SGB4728	MGYG000001952	100.00
t__SGB9265	Parasutterella sp009767915	100.00
t__SGB6132	Peptacetobacter sp900550335	97.92
t__SGB6771	Coprobacillus cateniformis	100.00
t__SGB6653	Parvimonas micra	100.00
t__SGB14315	MGYG000004034	99.00
t__SGB7843	Staphylococcus xylosus_B	6.42
t__SGB3970	Emergencia timonensis	98.00
t__SGB1579	Prevotella sp002480935	100.00
t__SGB7114	Weissella cibaria	97.00
t__SGB6649	Parvimonas micra	37.50
t__SGB14988	MGYG000003907	98.00
t__SGB2184	MGYG000004465	100.00
t__SGB8621	CAG-484 sp900554385	100.00
t__SGB2218	RC9 sp001915575	100.00
t__SGB48424	Mediterraneibacter massiliensis	2.50
t__SGB4145	HGM11525 sp900770405	99.00
t__SGB5809	Dialister sp000434475	83.05
t__SGB4580	Bariatricus comes	41.00
t__SGB15238	CAG-170 sp000436735	99.00
t__SGB14230	CAG-390 sp000437015	99.50
t__SGB59576	UBA1777 sp002320035	2.00
t__SGB17013	Corynebacterium propinquum	33.50
t__SGB17127	Corynebacterium ammoniagenes	21.50
t__SGB5820	Dialister sp002320515	98.00
t__SGB15195	MGYG000003978	100.00
t__SGB3924	Mobilibacterium sp900315625	1.00
t__SGB63131	Butyricicoccus pullicaecorum	32.50
t__SGB5060	UBA4285 sp900545225	100.00
t__SGB40236	Sodaliphilus pleomorphus	8.50
t__SGB61601	UBA10677 sp003533505	2.00
t__SGB4183	UBA1394 sp900554975	100.00
t__SGB14339	CAG-1427 sp900542265	100.00
t__SGB16971_group	Rothia mucilaginosa	69.50
t__SGB6765	Faecalibacillus sp003480255	100.00
t__SGB5182	UMGS1670 sp902406135	98.50
t__SGB14036	MGYG000004020	97.50
t__SGB8620	CAG-484 sp000431315	100.00
t__SGB15126	Intestinimonas butyriciproducens	100.00
t__SGB15035	CAG-110 sp900544945	97.50
t__SGB6302	UMGS1663 sp900553865	100.00
t__SGB6033	Fusobacterium_A sp900549465	100.00
t__SGB14739	Collinsella sp003479805	98.00
t__SGB4664	CAG-303 sp000437755	99.00
t__SGB14221	MGYG000004503	99.50
t__SGB10068	Escherichia coli_D	83.59
t__SGB5043	Eubacterium_G sp000434315	100.00
t__SGB9947	Aeromonas veronii	82.61
t__SGB1710	Prevotella sp002251365	99.50
t__SGB714	Methanobrevibacter_A smithii	82.89
t__SGB4698	CAG-56 sp900762665	100.00
t__SGB4690	Marvinbryantia formatexigens	100.00
t__SGB59559	Eubacterium_R sp900767025	0.50
t__SGB14969	HGM13006 sp900756575	99.00
t__SGB5861	MGYG000003747	98.04
t__SGB13957	UMGS1688 sp900545885	100.00
t__SGB2073	CAG-279 sp900544305	99.00
t__SGB15067	MGYG000002691	98.18
t__SGB5180	UMGS1670 sp900553995	100.00
t__SGB2276	UBA1820 sp002314265	99.00
t__SGB14904	UMGS1668 sp900768105	99.50
t__SGB7285_group	Gemella sp900766305	93.18
t__SGB105839	MGYG000002229	9.00
t__SGB6309	MGYG000004103	100.00
t__SGB14149	UMGS1537 sp900543695	97.59
t__SGB5077	Lachnospira sp000436475	100.00
t__SGB4583	Faecalimonas umbilicata	98.50
t__SGB47415	UMGS1326 sp900550775	4.50
t__SGB9631	Haemophilus_A sputorum	62.50
t__SGB3978	S5-A14a sp900553025	99.00
t__SGB15302	MGYG000001205	100.00
t__SGB15012	CAG-110 sp900544405	96.50
t__SGB1644	Prevotella copri_A	57.89
t__SGB17244_group	Bifidobacterium adolescentis	99.50
t__SGB15895	Hydrogeniiclostridium sp900752115	2.38
t__SGB6601	CAG-345 sp000433315	100.00
t__SGB1829	Bacteroides eggerthii	100.00
t__SGB2087	Muribaculum sp002492595	100.00
t__SGB2083	Paramuribaculum sp009775605	90.50
t__SGB4119	UMGS1071 sp900541905	95.45
t__SGB13981	QALS01 sp900552625	100.00
t__SGB4744	UMGS1370 sp900542035	99.00
t__SGB14795	CAAEEV01 sp900754955	99.50
t__SGB7103	Limosilactobacillus sp900557215	3.00
t__SGB8028_group	Streptococcus anginosus_C	83.00
t__SGB14748	Collinsella provencensis	100.00
t__SGB6935	Veillonella tobetsuensis	88.00
t__SGB4938	RUG115 sp900066395	92.20
t__SGB14013	MGYG000001852	99.50
t__SGB14002	UBA10281 sp900767885	95.63
t__SGB72916	MGYG000004811	75.50
t__SGB6543	UBA3789 sp900543055	100.00
t__SGB3551	Treponema_D sp002478955	5.00
t__SGB15235	MGYG000001632	96.25
t__SGB8057	Streptococcus koreensis	100.00
t__SGB6290	UMGS1781 sp900553365	100.00
t__SGB79823	MGYG000002726	59.00
t__SGB12320	Pseudomonas aeruginosa	100.00
t__SGB7251	Latilactobacillus sakei	15.00
t__SGB14812	MGYG000001600	85.50
t__SGB4400	MGYG000004531	100.00
t__SGB1596	Prevotella sp900551055	93.00
t__SGB5856	Megasphaera sp002319965	93.33
t__SGB6570	CAG-313 sp900539265	99.50
t__SGB4606	Schaedlerella glycyrrhizinilytica	99.50
t__SGB4724	Enterocloster asparagiformis	98.94
t__SGB5190	Anaerotignum faecicola	99.50
t__SGB4809	Blautia_A sp900548245	100.00
t__SGB4152	MGYG000001817	99.00
t__SGB6288	UMGS1781 sp900555075	99.50
t__SGB6522	CAG-582 sp000435515	88.00
t__SGB58382	Mailhella sp900553065	85.50
t__SGB6177	Clostridium sp900766315	97.50
t__SGB15239	CAG-170 sp900548625	100.00
t__SGB7169	Pediococcus pentosaceus	100.00
t__SGB5104	CAG-590 sp000431135	100.00
t__SGB1702	Prevotella multisaccharivorax	100.00
t__SGB8589	UMGS1477 sp900761525	100.00
t__SGB1675	Prevotella sp900553155	97.50
t__SGB14980	Butyricicoccus_A sp002395695	100.00
t__SGB15350	UMGS966 sp900547185	99.50
t__SGB1690	Prevotella sp002481295	96.00
t__SGB63357	Anaerotruncus colihominis	1.50
t__SGB3969	MGYG000001953	100.00
t__SGB4123	CAG-557 sp000435275	100.00
t__SGB6039	Fusobacterium_A ulcerans	97.00
t__SGB15073	MGYG000002704	97.00
t__SGB1831	Bacteroides sp003545565	100.00
t__SGB1861	Bacteroides thetaiotaomicron	96.00
t__SGB1474	Prevotellamassilia sp900543155	100.00
t__SGB14870	QAMM01 sp900552945	100.00
t__SGB53814	MGYG000004811	15.50
t__SGB6396	UMGS2016 sp900557185	99.50
t__SGB4704	UBA9502 sp900555625	99.00
t__SGB29435	Clostridium_Q sp900547735	83.00
t__SGB15159	Lawsonibacter sp900066825	94.39
t__SGB7852	Staphylococcus aureus	100.00
t__SGB47372	MGYG000004669	69.50
t__SGB14745	Collinsella phocaeensis	100.00
t__SGB1938	Parabacteroides sp900540715	100.00
t__SGB14987	Butyricicoccus sp900547195	100.00
t__SGB1464	F0040 sp000318095	100.00
t__SGB4637	V9D3004 sp002349525	100.00
t__SGB8774	CAG-312 sp002405555	100.00
t__SGB15148	Lawsonibacter sp900553135	100.00
t__SGB59451	UMGS874 sp900546315	19.50
t__SGB94363	UBA7748 sp900314535	9.50
t__SGB1415	UBA6382 sp900557555	100.00
t__SGB14942	UMGS1487 sp900552225	100.00
t__SGB15169	UBA1777 sp900549485	94.50
t__SGB713	Methanobrevibacter_A smithii_A	94.12
t__SGB4950	Roseburia sp003470905	99.00
t__SGB1022	UBA7642 sp900763245	100.00
t__SGB14853	Clostridium_A leptum	99.50
t__SGB82545	UMGS1603 sp900553265	1.50
t__SGB955	HGM12957 sp900760695	100.00
t__SGB8003	Streptococcus vestibularis	66.67
t__SGB4595	Mediterraneibacter massiliensis	100.00
t__SGB747	Peptostreptococcus sp000758885	100.00
t__SGB1699	Prevotella sp003447235	100.00
t__SGB2296	Alistipes senegalensis	94.40
t__SGB7106	Limosilactobacillus fermentum	100.00
t__SGB7125	Leuconostoc mesenteroides	15.00
t__SGB33546	Slackia_A sp900553775	5.50
t__SGB1701	Prevotella sp002299635	100.00
t__SGB15022	CAG-110 sp900547405	98.50
t__SGB63163	UMGS1603 sp900553265	12.00
t__SGB17291	Parascardovia denticolens	100.00
t__SGB7966	Enterococcus_B durans	100.00
t__SGB4614	Muricomes sp000509105	100.00
t__SGB1559	Prevotella disiens	100.00
t__SGB1885	MGYG000004599	99.50
t__SGB6697	Peptoniphilus_A harei_A	94.29
t__SGB8778	MGYG000003846	100.00
t__SGB14941	MGYG000002694	100.00
t__SGB15398	MGYG000000727	99.00
t__SGB15467	Desulfovibrio piger	54.43
t__SGB14989	Agathobaculum desmolans	97.00
t__SGB14244	MGYG000004353	94.00
t__SGB993	UBA733 sp900539595	100.00
t__SGB10084	Citrobacter portucalensis	92.21
t__SGB9269	Sutterella sp900762445	100.00
t__SGB1472	Prevotellamassilia sp900539625	100.00
t__SGB6517	CAG-605 sp900545005	99.00
t__SGB4776	MGYG000002210	100.00
t__SGB5265	Stomatobaculum longum	100.00
t__SGB14873	UBA1691 sp900544715	100.00
t__SGB4674	MGYG000001683	97.00
t__SGB6483	MGYG000001917	100.00
t__SGB4581	Dorea_A longicatena	98.00
t__SGB7092	Limosilactobacillus antri	100.00
t__SGB4422	Ruminococcus_C callidus	100.00
t__SGB71281	MGYG000004775	74.50
t__SGB1799	MGYG000001886	100.00
t__SGB14749	Enorma massiliensis	100.00
t__SGB4759	Enterocloster clostridioformis_A	94.55
t__SGB13972	CAG-475 sp000434435	100.00
t__SGB9286	Sutterella wadsworthensis_A	99.50
t__SGB2313	Alistipes sp000434235	100.00
t__SGB15257	ER4 sp900546295	94.56
t__SGB4615	Muricomes fissicatena_A	100.00
t__SGB5805	Dialister sp900543165	91.67
t__SGB4038	Clostridium_AQ sp003481775	99.50
t__SGB14925	MGYG000002038	100.00
t__SGB13982	QALS01 sp003150575	100.00
t__SGB15164	UBA9475 sp900549885	99.50
t__SGB746	Peptostreptococcus anaerobius	99.50
t__SGB3995	CAG-145 sp900542295	100.00
t__SGB6305	CAG-273 sp000438355	100.00
t__SGB6609	CAG-449 sp900551385	86.50
t__SGB58424	UMGS1872 sp902373635	17.00
t__SGB19838	None	0
t__SGB5062	CAG-882 sp003486385	100.00
t__SGB17195	Pauljensenia turicensis	100.00
t__SGB14798	MGYG000002712	40.74
t__SGB57575	Succinivibrio sp900555115	98.50
t__SGB15410	UMGS1603 sp900553265	98.00
t__SGB15077	MGYG000002680	100.00
t__SGB4348	CAG-180 sp000432435	99.50
t__SGB4420	Ruminococcus_C sp000437175	99.50
t__SGB9247	CAG-521 sp000437635	84.00
t__SGB14933	MGYG000004159	100.00
t__SGB33554	MGYG000004817	25.50
t__SGB1860	Bacteroides faecis	99.00
t__SGB4829	Blautia_A sp900066205	99.00
t__SGB4449	UMGS1441 sp900551755	100.00
t__SGB6836	Bulleidia sp900539965	100.00
t__SGB4618	Sellimonas sp002161525	10.00
t__SGB6847	Turicibacter sp001543345	100.00
t__SGB15090	CAG-83 sp000435975	98.32
t__SGB4688	UMGS1472 sp900552095	100.00
t__SGB3589	MGYG000003822	0.75
t__SGB6532	MGYG000001048	97.50
t__SGB4831	Blautia_A sp000285855	100.00
t__SGB9345	CAG-495 sp900538765	100.00
t__SGB4212	Ruminococcus sp900540005	99.00
t__SGB15272	Ruthenibacterium sp900546885	100.00
t__SGB15888	Actinomyces sp900323545	35.50
t__SGB19315	Campylobacter_B sp900539505	2.89
t__SGB4300	Ruminococcus_C sp900770195	100.00
t__SGB25416	Anaerotruncus rubiinfantis	100.00
t__SGB6652	Parvimonas micra	37.00
t__SGB6846	Turicibacter sanguinis	100.00
t__SGB54309	MGYG000003953	33.00
t__SGB14248	CAG-272 sp000433515	100.00
t__SGB4194	CAG-115 sp003507295	100.00
t__SGB13977	UBA7597 sp003448195	100.00
t__SGB14127	NSJ-63 sp014384805	100.00
t__SGB4966	Marvinbryantia sp900066075	100.00
t__SGB4532	Anaerobutyricum hallii	100.00
t__SGB15132	Flavonifractor plautii	100.00
t__SGB15305	MGYG000001761	99.00
t__SGB15102	CAG-83 sp900551995	96.00
t__SGB8094	Streptococcus sp000411475	51.89
t__SGB15315	Faecalibacterium sp900758465	100.00
t__SGB4657	TF01-11 sp900759665	99.00
t__SGB2126	UBA7173 sp001701135	100.00
t__SGB15333	Faecalibacterium sp003449675	46.43
t__SGB15115	UMGS1766 sp900554855	94.00
t__SGB6701	Peptoniphilus_A grossensis	100.00
t__SGB49090	Enterococcus_A devriesei	45.53
t__SGB6477	CAG-302 sp900554615	99.50
t__SGB14218	MGYG000004098	99.50
t__SGB6253	CAG-269 sp900754285	1.00
t__SGB4780	GCA-900066135 sp900543575	100.00
t__SGB21589	MGYG000001977	7.50
t__SGB14333	MGYG000004595	90.00
t__SGB13947	CAG-552 sp000435495	99.50
t__SGB15407	Firm-10 sp004552515	6.00
t__SGB1411	Alloprevotella tannerae	95.45
t__SGB14222	QALR01 sp900553085	99.20
t__SGB4867	Ruminococcus_A faecicola	99.50
t__SGB14208	CAG-448 sp000433415	100.00
t__SGB14332	CAG-1427 sp000431675	100.00
t__SGB6359	CAG-269 sp900556695	99.00
t__SGB1484	Alloprevotella tannerae	2.47
t__SGB9226	Akkermansia muciniphila	86.50
t__SGB1814	Phocaeicola dorei	21.79
t__SGB29591	Limosilactobacillus timonensis	82.50
t__SGB66172	SFFH01 sp900542395	2.50
t__SGB14955	UCG-010 sp900754535	100.00
t__SGB41058	MGYG000004734	90.50
t__SGB6176	MGYG000004852	72.67
t__SGB14043	UMGS775 sp900545325	99.50
t__SGB4368	CAG-488 sp900539465	100.00
t__SGB14386	Olsenella sp003862195	6.50
t__SGB6473	CAG-302 sp000431795	96.00
t__SGB7050	Lactobacillus amylovorus	100.00
t__SGB65115	Terrisporobacter sp902363255	18.50
t__SGB14779	Slackia_A piriformis	62.50
t__SGB1704	Prevotella sp900315955	100.00
t__SGB6503	CAG-460 sp900544625	99.00
t__SGB4697	MGYG000001219	100.00
t__SGB6447	UBA5026 sp900550255	100.00
t__SGB14246	UMGS911 sp900546695	100.00
t__SGB105821	UMGS1872 sp902373635	14.00
t__SGB6187	Clostridium paraputrificum	100.00
t__SGB106569	CAG-269 sp003525075	3.00
t__SGB15045	UMGS1872 sp900549475	100.00
t__SGB4584	Ruminococcus_B gnavus	100.00
t__SGB15276	Fournierella sp900543285	4.00
t__SGB14128	MGYG000003304	99.00
t__SGB6487	CAG-628 sp000438415	98.00
t__SGB14005	UBA10281 sp900548285	99.50
t__SGB6148	Romboutsia timonensis	90.50
t__SGB81674	Haemophilus_D sp900756155	3.70
t__SGB71956	Christensenella sp001678845	100.00
t__SGB6170	Clostridium butyricum	100.00
t__SGB5763_group	Phascolarctobacterium_A succinatutens	45.00
t__SGB1798	Paraprevotella clara	98.50
t__SGB7038	Lactobacillus paragasseri	97.44
t__SGB9199	Victivallis sp900768515	99.00
t__SGB15189	MGYG000003877	100.00
t__SGB7262	Blautia_A caecimuris	3.00
t__SGB66069	Blautia_A sp900553515	55.77
t__SGB7218	Lentilactobacillus buchneri	18.00
t__SGB29381	Blautia hominis	96.00
t__SGB15265	CAG-103 sp000432375	96.88
t__SGB98325	UMGS1865 sp900768535	5.00
t__SGB15065	Dysosmobacter sp004553545	89.76
t__SGB1949	Parabacteroides merdae	91.41
t__SGB15003	MGYG000003938	100.00
t__SGB63353	MGYG000003211	1.50
t__SGB4900	CAG-510 sp000434615	99.00
t__SGB6271	CAG-245 sp000434195	100.00
t__SGB8005	Streptococcus sp000187445	99.00
t__SGB5738	MGYG000004611	100.00
t__SGB19749	UBA2834 sp004561445	100.00
t__SGB33566	Gordonibacter massiliensis	65.50
t__SGB8773	CAG-312 sp002437405	100.00
t__SGB9277	Duodenibacillus sp900762555	100.00
t__SGB6286	CAG-793 sp900557475	100.00
t__SGB2239	RC9 sp000434935	99.50
t__SGB5790	Phascolarctobacterium sp900545535	100.00
t__SGB5792	Phascolarctobacterium faecium	95.00
t__SGB7259	Marseille-P4683 sp900232885	100.00
t__SGB5985	Fusobacterium_C gonidiaformans	100.00
t__SGB15013	CAG-110 sp900553805	100.00
t__SGB4174	UBA1409 sp900553675	100.00
t__SGB15295	Gemmiger sp900540595	100.00
t__SGB9274	Duodenibacillus sp900544255	100.00
t__SGB27808	Bacteroides bouchesdurhonensis	13.00
t__SGB82546	Christensenella minuta	25.00
t__SGB5197	HGM11808 sp900757025	100.00
t__SGB1592	Prevotella sp000436595	100.00
t__SGB7090	MGYG000004840	63.00
t__SGB72838	MGYG000004702	2.00
t__SGB6753	Faecalibacillus sp900544435	96.00
t__SGB1853	Bacteroides fragilis_A	100.00
t__SGB94945	Olsenella_E sp002160255	19.50
t__SGB6818	Absicoccus porci	100.00
t__SGB4922	Agathobacter sp000434275	99.21
t__SGB6783	Catenibacterium sp000437715	82.47
t__SGB13997	UBA10281 sp900554485	99.00
t__SGB37203	MGYG000004713	1.50
t__SGB9275	Duodenibacillus sp900552545	99.50
t__SGB5854	Megasphaera stantonii	100.00
t__SGB71759	MGYG000004839	98.50
t__SGB6140	Intestinibacter bartlettii	99.50
t__SGB6778	Catenibacterium mitsuokai	87.58
t__SGB5181	MGYG000002626	100.00
t__SGB15019	CAG-110 sp900540635	96.15
t__SGB11986	Citrobacter portucalensis	0.50
t__SGB6792	Faecalicoccus sp900546545	99.21
t__SGB14808	Gordonibacter urolithinfaciens	92.62
t__SGB3922_group	Mobilibacterium sp900315625	3.00
t__SGB1821	Bacteroides ndongoniae	98.00
t__SGB5801	UBA1822 sp002314995	97.50
t__SGB13965	CAG-475 sp900550915	99.00
t__SGB5863	Megasphaera sp900548635	100.00
t__SGB29485	Peptoniphilus_C sp902363535	89.50
t__SGB4727	UC5-1-2E3 sp001304875	100.00
t__SGB7865	Staphylococcus epidermidis	100.00
t__SGB72489	MGYG000002094	93.00
t__SGB1931	Parabacteroides sp900548175	92.50
t__SGB2295	Alistipes shahii	93.00
t__SGB1667	Prevotella sp900552675	100.00
t__SGB4681	Anaerobutyricum sp002161065	100.00
t__SGB4893	CAG-95 sp900066375	98.00
t__SGB14940	MGYG000004116	100.00
t__SGB6231	Clostridium_J sp000821305	100.00
t__SGB17347	HGM12669 sp900761935	100.00
t__SGB105987	MGYG000004660	93.50
t__SGB1679	Prevotella stercorea	99.50
t__SGB14387	Olsenella sp001457795	10.00
t__SGB1600	Prevotella sp900540415	100.00
t__SGB1877	Bacteroides caccae	99.50
t__SGB748	Peptostreptococcus stomatis	100.00
t__SGB15461	Desulfovibrio sp002159665	100.00
t__SGB4930	Agathobacter sp900547695	100.00
t__SGB2299	Alistipes timonensis	98.65
t__SGB63326	Phocea massiliensis	2.00
t__SGB14039	MGYG000003953	90.50
t__SGB4599	MGYG000004558	16.00
t__SGB4680	Anaerobutyricum sp900754855	100.00
t__SGB6142	Terrisporobacter othiniensis	99.50
t__SGB14975	MGYG000004122	99.50
t__SGB9434_group	Eikenella corrodens	92.86
t__SGB42321	MGYG000004093	11.35
t__SGB17152	Pauljensenia bouchesdurhonensis	76.50
t__SGB19790	Ruminococcus_A sp003011855	1.28
t__SGB5736	Acidaminococcus intestini	100.00
t__SGB1898	Phocaeicola sp900551645	100.00
t__SGB6410	CAG-776 sp000438195	100.00
t__SGB1910	Phocaeicola sp900066455	100.00
t__SGB10115	Klebsiella pneumoniae	95.45
t__SGB697	Methanosphaera sp900322125	100.00
t__SGB13959	CAG-1138 sp000434675	100.00
t__SGB6329	CAG-492 sp000434015	100.00
t__SGB4526	Anaerosporobacter mobilis	100.00
t__SGB15237	MGYG000001841	100.00
t__SGB14842	Acutalibacter sp900548545	91.00
t__SGB1787	Odoribacter sp900541415	99.50
t__SGB13948	MGYG000000749	52.50
t__SGB14050	HGM11386 sp900761915	97.00
t__SGB6749	Erysipelatoclostridium saccharogumia	22.30
t__SGB4587	Faecalimonas phoceensis	29.00
t__SGB6486	CAG-628 sp003524085	99.50
t__SGB9663_group	Haemophilus_D parainfluenzae_M	51.72
t__SGB1824	Bacteroides massiliensis_A	100.00
t__SGB14193	UBA11512 sp003522145	100.00
t__SGB6362	CAG-269 sp000431335	99.50
t__SGB7098	Limosilactobacillus vaginalis	90.74
t__SGB70357	MGYG000004365	8.50
t__SGB4153	UMGS1540 sp900552775	100.00
t__SGB6521	CAG-582 sp900760845	100.00
t__SGB14898	MGYG000002708	99.00
t__SGB14929	MGYG000004075	93.50
t__SGB6358	CAG-269 sp000437215	100.00
t__SGB14953	MGYG000004125	100.00
t__SGB1899	Phocaeicola plebeius	89.60
t__SGB4813	Blautia_A sp900120195	96.05
t__SGB15353	Angelakisella sp900552845	97.50
t__SGB4110	UMGS1491 sp900554775	98.68
t__SGB25493	Mediterraneibacter_A butyricigenes	100.00
t__SGB2290	Alistipes communis	100.00
t__SGB7991	Lactococcus_A raffinolactis	18.18
t__SGB63369	UMGS1975 sp900751745	4.00
t__SGB4628	Massilistercora timonensis	99.50
t__SGB4569	Bariatricus sp900554415	100.00
t__SGB5825_group	Dialister invisus	100.00
t__SGB17121	Corynebacterium striatum	99.50
t__SGB4607	Mediterraneibacter sp900752395	99.00
t__SGB4598	MGYG000004558	100.00
t__SGB54324	QALS01 sp900552625	14.50
t__SGB49059	Anaerofustis sp900549875	17.50
t__SGB6484	CAG-914 sp000437895	98.50
t__SGB4271	An172 sp002160515	97.50
t__SGB6419	MGYG000004216	100.00
t__SGB19833	None	0
t__SGB4820	Blautia_A faecis	95.50
t__SGB8000	Streptococcus mutans	100.00
t__SGB53821	MGYG000003299	82.00
t__SGB9273	Duodenibacillus massiliensis	100.00
t__SGB14107	UMGS1707 sp900554285	100.00
t__SGB4434	MGYG000004224	85.00
t__SGB8021	Streptococcus lutetiensis	98.36
t__SGB16955	Cutibacterium acnes	97.00
t__SGB9292	Sutterella parvirubra	100.00
t__SGB14807	Gordonibacter pamelaeae	95.27
t__SGB6367	CAG-269 sp001916005	100.00
t__SGB71883	HGM11808 sp900757025	2.50
t__SGB1673	Prevotella sp900552515	89.50
t__SGB7962	Enterococcus faecalis	100.00
t__SGB14247	UMGS911 sp900545935	100.00
t__SGB14802	MGYG000004817	43.00
t__SGB3977	S5-A14a sp000758905	99.50
t__SGB14947	UBA5905 sp004558485	100.00
t__SGB15254	ER4 sp000765235	87.03
t__SGB4597	MGYG000004609	97.50
t__SGB4006	Bariatricus massiliensis	100.00
t__SGB9210	UBA1829 sp900549415	97.00
t__SGB4993	Eisenbergiella sp900066775	99.00
t__SGB14020	UBA10677 sp900543755	99.50
t__SGB19351_group	Campylobacter_A concisus_F	56.52
t__SGB14136	UMGS1338 sp900550805	100.00
t__SGB5731	Succiniclasticum sp900544275	100.00
t__SGB4473	Johnsonella sp900766185	51.54
t__SGB14796	MGYG000004554	77.00
t__SGB53822	CAG-1427 sp900539675	100.00
t__SGB26761	Akkermansia muciniphila_C	24.44
t__SGB7280	Lactonifactor longoviformis	100.00
t__SGB15326	Faecalibacterium prausnitzii_J	93.10
t__SGB4551	MGYG000001566	99.00
t__SGB1408	UBA6398 sp900550635	97.50
t__SGB5076	Lachnospira sp000436535	100.00
t__SGB4961	Eubacterium_I sp900546495	97.00
t__SGB6606	RUG131 sp900549975	99.50
t__SGB8624	QAMI01 sp900554095	100.00
t__SGB53806	Evtepia sp004554585	100.00
t__SGB15313	Faecalibacterium sp900540455	100.00
t__SGB14125	QANA01 sp900554725	97.50
t__SGB14996	Agathobaculum sp900555465	98.50
t__SGB6497	CAG-460 sp900751815	93.00
t__SGB9245	CAG-521 sp900544345	91.50
t__SGB9303	CAG-977 sp000434295	100.00
t__SGB4718	CAG-81 sp900541255	100.00
t__SGB15049	Dysosmobacter sp900542115	99.50
t__SGB15122	MGYG000000739	100.00
t__SGB14085	UMGS687 sp900544595	100.00
t__SGB5234	Oribacterium sp004554245	80.00
t__SGB14166	UMGS1690 sp900554165	97.50
t__SGB27758	Rikenella microfusus	29.50
t__SGB15260	CAG-103 sp900543625	92.50
t__SGB15106	CAG-83 sp000435555	94.00
t__SGB9294	Sutterella sp900754475	98.00
t__SGB14985_group	Butyricicoccus pullicaecorum	100.00
t__SGB6340	CAG-269 sp003525075	92.50
t__SGB6698	Peptoniphilus_A senegalensis	100.00
t__SGB5857	Megasphaera massiliensis	100.00
t__SGB14972	HGM13006 sp900757695	100.00
t__SGB14991	Agathobaculum sp003481705	98.50
t__SGB4793	Blautia sp900539145	93.75
t__SGB19858	TM7x sp900556355	10.00
t__SGB15267	CAG-103 sp900757655	100.00
t__SGB6417	CAG-884 sp000433875	100.00
t__SGB957	Phoenicibacter congonensis	100.00
t__SGB4041	Longicatena caecimuris	100.00
t__SGB4143	MGYG000004439	99.50
t__SGB59820	Enterocloster sp900547035	1.50
t__SGB15304	Gemmiger sp900548355	100.00
t__SGB9203	Victivallis sp002998355	99.50
t__SGB74335	Extibacter muris	35.90
t__SGB4769	MGYG000000359	100.00
t__SGB15291	Gemmiger sp900539695	99.50
t__SGB6744	Erysipelatoclostridium ramosum	100.00
t__SGB4951	Roseburia intestinalis	95.00
t__SGB6007	Fusobacterium animalis	95.83
t__SGB14890	Hydrogeniiclostridium mannosilyticum	100.00
t__SGB4142	UMGS755 sp900545185	100.00
t__SGB14298	UMGS1241 sp900540495	100.00
t__SGB29346	MGYG000004586	1.00
t__SGB6826	Bulleidia moorei	100.00
t__SGB15285	Gemmiger sp004555405	99.50
t__SGB6313	CAG-273 sp902406115	99.00
t__SGB6502	CAG-460 sp000437355	100.00
t__SGB4905	Acetatifactor sp900760705	100.00
t__SGB4906	Acetatifactor sp900755865	100.00
t__SGB105947	Anaerosacchariphilus sp002160765	7.50
t__SGB14229	CAG-390 sp003523225	100.00
t__SGB5750	Phascolarctobacterium_A sp900552855	99.50
t__SGB15078	Dysosmobacter welbionis	95.50
t__SGB6440	UMGS995 sp900547465	99.50
t__SGB59819	MGYG000004630	2.00
t__SGB15240	MGYG000000709	2.00
t__SGB14364	Olsenella_E sp002160255	89.00
t__SGB4448	CAG-274 sp900545305	95.40
t__SGB63309	MGYG000004700	28.00
t__SGB1586	Prevotella sp900553465	99.00
t__SGB2019	MGYG000003813	100.00
t__SGB10120	Klebsiella_A grimontii	100.00
t__SGB2308	MGYG000002674	37.00
t__SGB49089	Enterococcus_A raffinosus	12.00
t__SGB6152	GCA-900066495 sp900066495	100.00
t__SGB14843	MGYG000001979	99.00
t__SGB985	Lancefieldella rimae	97.00
t__SGB15103	CAG-83 sp003487665	95.50
t__SGB47660	Blautia sp900556555	96.50
t__SGB5111	CAG-127 sp900319515	97.50
t__SGB10119	Klebsiella_A michiganensis	94.23
t__SGB1423	CAG-617 sp000438115	100.00
t__SGB15095	CAG-83 sp900545495	91.71
t__SGB5066	Butyrivibrio_A sp000431815	100.00
t__SGB5089	Lachnospira sp000437735	100.00
t__SGB1612	Prevotella sp900556395	100.00
t__SGB1983	Porphyromonas sp900546675	97.50
t__SGB9731	Aggregatibacter segnis	13.64
t__SGB4474	Johnsonella sp900766185	2.00
t__SGB8249	Granulicatella adiacens	97.00
t__SGB15209	UBA5446 sp900544765	100.00
t__SGB6837	MGYG000000699	95.50
t__SGB4616	Muricomes oroticus	100.00
t__SGB15193	MGYG000004062	100.00
t__SGB19893_group	TM7x sp900556355	5.56
t__SGB65105	MGYG000004657	100.00
t__SGB4781	UBA7160 sp902363135	100.00
t__SGB14255	UMGS1696 sp900554225	99.50
t__SGB14869	QAMM01 sp900762715	98.00
t__SGB9258	Turicimonas muris	95.00
t__SGB1939	Parabacteroides sp003480915	98.50
t__SGB5868	Anaeroglobus micronuciformis	100.00
t__SGB14851	Acutalibacter timonensis	100.00
t__SGB14260	MGYG000001818	88.00
t__SGB14951	MGYG000004760	96.50
t__SGB10208	Hafnia alvei	10.40
t__SGB4316	Eubacterium_R sp900539775	100.00
t__SGB6571	CAG-313 sp000433035	96.50
t__SGB7256	GCA-900066755 sp900066755	100.00
t__SGB10090	Cronobacter sakazakii	87.15
t__SGB1830	Bacteroides stercoris	99.50
t__SGB92525	Citrobacter gillenii	59.00
t__SGB29301	Enterocloster lavalensis	1.50
t__SGB6001	Fusobacterium polymorphum	94.44
t__SGB1793	Odoribacter laneus	39.00
t__SGB1867	Bacteroides xylanisolvens	83.13
t__SGB1593	Prevotella sp900554045	98.00
t__SGB1930	Parabacteroides sp000436495	100.00
t__SGB19443	Campylobacter_D coli	98.50
t__SGB14990	Agathobaculum sp900544475	99.50
t__SGB4602	Mediterraneibacter sp900555215	99.00
t__SGB7220	Lentilactobacillus buchneri	91.00
t__SGB4699	Clostridium_Q symbiosum	99.50
t__SGB97158	Streptococcus sanguinis_H	17.00
t__SGB14899	UBA3818 sp900557155	100.00
t__SGB4406	UMGS172 sp900539855	99.00
t__SGB3992	CAG-145 sp900545135	99.50
t__SGB6498	CAG-460 sp000438075	100.00
t__SGB15891	Actinomyces urogenitalis	8.00
t__SGB1437	UBA4372 sp900543815	100.00
t__SGB4672	Frisingicoccus sp900549105	99.50
t__SGB15322	Faecalibacterium prausnitzii_H	100.00
t__SGB14049	MGYG000001851	99.50
t__SGB7263	Bittarella massiliensis	97.00
t__SGB13983	QALS01 sp900555925	100.00
t__SGB14389	Olsenella_B sp000752675	66.67
t__SGB15062	MGYG000000474	99.00
t__SGB5268	Stomatobaculum naviforme	99.50
t__SGB4702	MGYG000002170	99.50
t__SGB6321	CAG-354 sp900552655	87.26
t__SGB6028_group	Fusobacterium_B sp900541465	100.00
t__SGB74356	UBA2856 sp009696445	83.33
t__SGB15204	UBA5446 sp004553625	99.50
t__SGB47522	UBA4285 sp900542465	100.00
t__SGB3926_group	MGYG000003324	81.00
t__SGB54318	UMGS1004 sp900761685	100.00
t__SGB6547	CAG-877 sp900768815	100.00
t__SGB6190	Clostridium_P ventriculi	100.00
t__SGB7093	Limosilactobacillus oris	97.50
t__SGB15041	NK3B98 sp900545815	96.74
t__SGB15138	MGYG000003869	15.74
t__SGB6579	CAG-313 sp003539625	100.00
t__SGB15207	UBA5446 sp900546615	100.00
t__SGB4531	BX12 sp902363595	100.00
t__SGB4797	Blautia sp003287895	99.00
t__SGB79883	Neobittarella massiliensis	2.50
t__SGB987	Atopobium minutum	100.00
t__SGB13956	UMGS1688 sp900554085	99.00
t__SGB14998	MGYG000004135	87.50
t__SGB8053	Streptococcus gordonii	99.00
t__SGB15218	CAG-110 sp900546415	96.50
t__SGB6602	CAG-288 sp000437395	100.00
t__SGB4655	TF01-11 sp001916135	100.00
t__SGB4948	Roseburia sp900550935	100.00
t__SGB14993	Agathobaculum butyriciproducens	98.50
t__SGB19402	Helicobacter_D pullorum	100.00
t__SGB1557	Prevotella bivia	100.00
t__SGB4958	AM51-8 sp900546435	100.00
t__SGB4604	Mediterraneibacter sp002314255	99.50
t__SGB1687	Prevotella sp900540375	98.00
t__SGB8219	Streptococcus pasteurianus	2.50
t__SGB59818	NSJ-38 sp902363445	3.50
t__SGB54310	MGYG000002678	26.00
t__SGB13976	CAG-349 sp003539515	100.00
t__SGB4788	Blautia stercoris	100.00
t__SGB4208	Ruminococcus sp002438605	100.00
t__SGB5239	CAG-791 sp000431495	100.00
t__SGB15278	Fournierella sp004558145	94.00
t__SGB1835	Bacteroides fluxus	100.00
t__SGB6317	CAG-354 sp001915925	68.50
t__SGB4028	Merdibacter sp900754715	100.00
t__SGB7242	Companilactobacillus farciminis_A	21.50
t__SGB13825	UMGS1418 sp900551595	98.50
t__SGB4432	Anaerocolumna aminovalerica	98.50
t__SGB15399	UMGS1603 sp900553265	11.00
t__SGB15488	MGYG000003800	97.50
t__EUK5476	Cetobacterium_A sp900766645	1.35
t__SGB59892	Ruminococcus_A sp000432335	3.00
t__SGB6378	CAG-269 sp900754285	100.00
t__SGB59878	Blautia_A caecimuris	57.50
t__SGB7475	Ureibacillus endophyticus	100.00
t__SGB4800	Blautia sp002161285	92.50
t__SGB4139	UMGS1326 sp900550775	100.00
t__SGB4557	Mediterraneibacter lactaris	99.00
t__SGB15179	F23-B02 sp900545805	100.00
t__SGB4196	Ruminiclostridium_E sp003512525	99.50
t__SGB3683	Succinatimonas hippei	92.50
t__SGB1517	MGYG000000760	62.50
t__SGB16986	Rothia mucilaginosa_A	94.85
t__SGB4874	Fusicatenibacter saccharivorans	98.50
t__SGB9197	Victivallis sp900550905	99.50
t__SGB25240	Enterococcus_A devriesei	15.50
t__SGB14143	Christensenella hongkongensis	100.00
t__SGB4154	MGYG000000706	100.00
t__SGB6428	CAG-594 sp000434835	98.00
t__SGB7202	Lactiplantibacillus plantarum	99.50
t__SGB25437	UBA9414 sp003458885	100.00
t__SGB5116	Coprococcus sp900548215	100.00
t__SGB82512	Emergencia sp900551775	5.50
t__SGB4817	Blautia_A sp900763175	100.00
t__SGB4350	CAG-180 sp004556705	100.00
t__SGB6145	Paraclostridium tenue	100.00
t__SGB14210	HGM12713 sp900754175	100.00
t__SGB5746	Phascolarctobacterium_A sp900541915	97.50
t__SGB7124	Leuconostoc pseudomesenteroides	63.91
t__SGB19860_group	TM7x sp900556355	86.67
t__SGB7932	Enterococcus_A sp002140655	21.00
t__SGB15101	CAG-83 sp900554275	98.50
t__SGB23982	Pauljensenia sp000411415	9.00
t__SGB2329	MGYG000004172	100.00
t__SGB14805	Rubneribacter badeniensis	99.00
t__SGB9389	MGYG000003451	97.00
t__SGB4395	UBA737 sp900549755	98.48
t__SGB4540_group	Anaerostipes hadrus	97.98
t__SGB5286	Oribacterium sinus	8.50
t__SGB15117	MGYG000000377	100.00
t__SGB1614	Prevotella sp000436035	100.00
t__SGB14375	Parolsenella sp900544655	100.00
t__SGB2287	Alistipes sp900550925	100.00
t__SGB4753	Enterocloster sp001517625	99.50
t__SGB14936	UMGS1397 sp900551425	98.50
t__SGB15087	CAG-83 sp003539495	100.00
t__SGB35190	MGYG000004659	18.00
t__SGB69346	Agathobacter sp900552085	94.64
t__SGB9271	Mesosutterella massiliensis	100.00
t__SGB15081	CAG-83 sp900552475	99.00
t__SGB14741	Collinsella intestinalis	61.50
t__SGB24096	QAMI01 sp900551915	61.50
t__SGB7981	Lactococcus garvieae_B	81.08
t__SGB15280	Fournierella massiliensis	95.36
t__SGB33142	Pseudomonas_E extremaustralis	3.00
t__SGB20188	CAG-873 sp900540625	46.00
t__SGB3936	QAKD01 sp003343965	1.00
t__SGB2135	UBA7173 sp900546835	14.50
t__SGB4582	Dorea_A longicatena_B	98.00
t__SGB4402	UMGS1279 sp900550315	89.50
t__SGB1791	Odoribacter massiliensis	100.00
t__SGB14181	MGYG000000386	100.00
t__SGB14322	CAG-1427 sp000436075	100.00
t__SGB17158_group	MGYG000001284	84.62
t__SGB8630	Zag1 sp001917115	100.00
t__SGB4311	Eubacterium_R sp900546785	100.00
t__SGB59528	MGYG000004870	13.50
t__SGB2238	RC9 sp000435075	100.00
t__SGB4673	Frisingicoccus sp900753685	98.50
t__SGB14778	Slackia_A sp900553655	87.96
t__SGB4623	Lachnoclostridium_B sp000765215	53.50
t__SGB1475	Prevotellamassilia sp900540885	99.00
t__SGB743	Peptostreptococcus russellii_A	100.00
t__SGB6146	Paraclostridium sordellii	100.00
t__SGB5087	Lachnospira sp900316325	100.00
t__SGB5904	Mitsuokella jalaludinii	99.00
t__SGB4617	Sellimonas intestinalis	99.00
t__SGB15349	UMGS966 sp900761965	99.50
t__SGB6580	CAG-698 sp000431235	100.00
t__SGB63220	UMGS1872 sp902373635	4.00
t__SGB3957	UBA1191 sp900549125	100.00
t__SGB8091	Streptococcus timonensis	99.00
t__SGB14259	MGYG000004124	99.50
t__SGB1990_group	Porphyromonas_A sp001808555	86.00
t__SGB15127	Intestinimonas massiliensis	98.00
t__SGB4184	UBA1394 sp900066845	99.50
t__SGB98319	MGYG000002073	18.70
t__SGB15191	UBA1777 sp900549865	99.50
t__SGB4312	Eubacterium_R sp000431535	98.50
t__SGB71764	Fusicatenibacter sp900772675	86.50
t__SGB6962	Megamonas funiformis	87.00
t__SGB6430	CAG-594 sp900772415	98.50
t__SGB14179	UBA866 sp900543295	100.00
t__SGB72777	MGYG000004732	96.50
t__SGB14334	CAG-1427 sp000435475	100.00
t__SGB1833	Bacteroides sp902388495	100.00
t__SGB1792	Odoribacter laneus	100.00
t__SGB8056	Streptococcus rubneri	55.00
t__SGB4051	UMGS1590 sp900759105	100.00
t__SGB9281	Duodenibacillus sp900538905	98.00
t__SGB2133	UBA7173 sp900540205	100.00
t__SGB14296	UMGS1241 sp900549955	100.00
t__SGB2306	Alistipes sp002161445	100.00
t__SGB10133	Enterobacter kobei	82.00
t__SGB6347	CAG-269 sp001916055	99.00
t__SGB15210	UBA5446 sp900759385	97.50
t__SGB15253	ER4 sp900552015	95.90
t__SGB2131	MGYG000001885	99.00
t__SGB6462	RUG705 sp900551455	100.00
t__SGB14330	CAG-1427 sp900548955	97.50
t__SGB5842	Allisonella pneumosintes	99.50
t__SGB4652	TF01-11 sp003529475	100.00
t__SGB4937	Roseburia sp900753715	99.50
t__SGB984	Lancefieldella rimae	17.00
t__SGB1788	Odoribacter sp900544025	100.00
t__SGB14966	MGYG000003297	95.50
t__SGB4042	Amedibacterium intestinale	99.50
t__SGB2071	CAG-279 sp000437795	100.00
t__SGB15385	Firm-11 sp900548145	100.00
t__SGB106149	UBA10677 sp900543755	57.50
t__SGB29334	MGYG000001958	30.37
t__SGB14321	CAG-1427 sp900544455	86.89
t__SGB4890	MGYG000004039	100.00
t__SGB14908	Negativibacillus sp900547015	100.00
t__SGB17234	Bifidobacterium dentium	99.00
t__SGB1507	Prevotella timonensis	86.67
t__SGB7494	Lysinibacillus fusiformis_D	11.71
t__SGB6014	Fusobacterium vincentii	93.33
t__SGB1980	Porphyromonas sp900548415	100.00
t__SGB15142	Marseille-P3106 sp900169975	100.00
t__SGB14323	CAG-1427 sp900553605	92.59
t__SGB35555	RC9 sp000431015	3.50
t__SGB4959	Eubacterium_I ramulus	100.00
t__SGB20619	MGYG000000698	5.00
t__SGB4385	UBA737 sp900547095	100.00
t__SGB4691	Marvinbryantia sp900550755	97.00
t__SGB10132	Enterobacter mori	100.00
t__SGB17278	Bifidobacterium animalis	100.00
t__SGB4794	Blautia hansenii	80.28
t__SGB14892	Hydrogeniiclostridium sp900752115	100.00
t__SGB15368	UBA11524 sp000437595	100.00
t__SGB4333	Eubacterium_R sp900542875	100.00
t__SGB14209	CAG-448 sp003150135	98.50
t__SGB5045	Eubacterium_G ventriosum	99.50
t__SGB2278	Alistipes_A sp900545315	100.00
t__SGB5054	Eubacterium_G sp900550135	100.00
t__SGB14237	CAG-724 sp003524145	96.55
t__SGB7984	Lactococcus lactis_E	89.00
t__SGB4040	NSJ-61 sp003433845	100.00
t__SGB4757	Enterocloster sp005845215	100.00
t__SGB6607	CAG-449 sp000432895	100.00
t__SGB15134	Flavonifractor plautii	27.00
t__SGB14139	QALW01 sp900547955	99.00
t__SGB66170	HGM11575 sp900754775	26.00
t__SGB14182	UMGS911 sp003343545	100.00
t__SGB6285	CAG-793 sp000433915	100.00
t__SGB15874	Actinomyces sp000220835	26.50
t__SGB58537	Blautia_A caecimuris	10.00
t__SGB1928	Parabacteroides sp900549585	100.00
t__SGB4482	Lachnoanaerobaculum orale	100.00
t__SGB4418	Ruminococcus_F champanellensis	100.00
t__SGB58519	UMGS416 sp900542005	83.50
t__SGB6829	MGYG000004591	100.00
t__SGB7265	GCA-900066905 sp900066905	100.00
t__SGB4722	Enterocloster sp900547035	99.50
t__EUK5741	Phocaeicola sp002493165	0.67
t__SGB15220	CAG-110 sp900551495	99.50
t__SGB4767	UBA7182 sp003480725	100.00
t__SGB80266	Paenibacillus_A antibioticophila	1.16
t__SGB1525	Prevotella oris	100.00
t__SGB61600	Enterocloster sp900538485	1.00
t__SGB3321	Bacteroides bouchesdurhonensis	94.32
t__SGB17257	Bifidobacterium scardovii	100.00
t__SGB4865	Blautia_A sp900551465	91.11
t__SGB10398	Acinetobacter johnsonii	85.25
t__SGB14752	Enorma timonensis	99.50
t__SGB1981	Porphyromonas asaccharolytica	89.19
t__SGB14263	UBA644 sp900547165	99.50
t__SGB5986	Fusobacterium_C necrophorum	100.00
t__SGB13964	CAG-475 sp900548005	100.00
t__SGB9737_group	Aggregatibacter segnis	99.50
t__SGB53490	UBA7102 sp900760085	6.50
t__SGB9202	Victivallis vadensis	87.00
t__SGB3961	UBA1191 sp900545775	100.00
t__SGB4760	Enterocloster clostridioformis	92.16
t__SGB6661	Anaerococcus obesiensis	100.00
t__SGB21587	Parabacteroides bouchesdurhonensis	100.00
t__SGB7957	Enterococcus_C dispar	100.00
t__SGB29307	Merdibacter sp900759455	13.00
t__SGB16639	Brevibacterium senegalense	2.00
t__SGB3993	CAG-145 sp900540145	100.00
t__SGB6439	MGYG000004527	100.00
t__SGB14388	Olsenella_B sp900548775	17.97
t__SGB15878	Actinomyces oris	97.70
t__SGB9207	UBA1829 sp900760615	97.50
t__SGB94922	MGYG000001032	3.50
t__SGB53518	UMGS1591 sp900553255	98.50
t__SGB14270	HGM13010 sp900754965	100.00
t__SGB6939	Veillonella parvula_A	48.00
t__SGB4122	UMGS1224 sp900549775	100.00
t__SGB6452	UBA3631 sp900546275	100.00
t__SGB17172	Actinobaculum massiliense	100.00
t__SGB4925	Agathobacter faecis	100.00
t__SGB33581	Olsenella sp001457795	6.50
t__SGB9657	Haemophilus_D parainfluenzae_J	95.74
t__SGB1857	Bacteroides salyersiae	100.00
t__SGB14026	UBA10677 sp003533505	100.00
t__SGB14881	Clostridium_E jeddahense	99.50
t__SGB15241	UBA738 sp900763675	96.50
t__SGB966	Lancefieldella sp000564995	65.00
t__SGB5290	MGYG000002695	100.00
t__SGB14846	MGYG000004616	100.00
t__SGB15507	Cloacibacillus porcorum	100.00
t__SGB1883	Phocaeicola sp000434735	100.00
t__SGB14336	CAG-1427 sp000434775	100.00
t__SGB6648	Parvimonas sp001553085	99.50
t__SGB4243	UMGS363 sp900543105	100.00
t__SGB15177	F23-B02 sp900556535	100.00
t__SGB4804	Blautia_A sp900066505	100.00
t__SGB5862	Megasphaera elsdenii	97.41
t__SGB48267	MGYG000003816	3.50
t__SGB5800	UBA1822 sp900545365	96.00
t__SGB4045	Holdemania sp900120005	97.50
t__SGB10459	Blautia_A sp900120195	0.96
t__SGB17256	Bifidobacterium bifidum	99.00
t__SGB4530	Anaerostipes sp000508985	96.79
t__SGB17264	Bifidobacterium gallinarum	98.00
t__SGB8601	CAG-196 sp002102975	99.50
t__SGB4175	UBA1409 sp002338885	100.00
t__SGB15108	CAG-83 sp900552725	99.50
t__SGB7295	Gemella morbillorum	98.00
t__SGB15374	SFFH01 sp900542395	100.00
t__SGB14306	PeH17 sp000435055	99.00
t__SGB14834	UMGS1826 sp900555435	100.00
t__SGB2301	Alistipes finegoldii	100.00
t__SGB14177	HGM13222 sp900757485	98.50
t__SGB15018	CAG-110 sp900540635	20.27
t__SGB15892	Actinomyces oris	2.50
t__SGB6750	Faecalibacillus faecis	100.00
t__SGB15382	UMGS1600 sp900553295	99.50
t__SGB6262	UMGS1994 sp900553945	56.50
t__SGB3578	UMGS1322 sp900550765	99.50
t__SGB14294	CAG-1024 sp000432015	99.00
t__SGB71368	UBA1191 sp900549125	45.00
t__SGB6407	UMGS2068 sp900769635	97.00
t__SGB7142	Lacticaseibacillus paracasei	100.00
t__SGB4720	MGYG000004604	100.00
t__SGB6538	CAG-451 sp900760545	100.00
t__SGB4643	Eubacterium_F sp000433735	100.00
t__SGB7861	Staphylococcus haemolyticus	98.00
t__SGB4712	UBA9502 sp003478505	99.50
t__SGB106571	CAG-269 sp900762425	12.00
t__SGB14874	UBA1691 sp900544375	97.00
t__SGB6249	HGM13618 sp900753975	100.00
t__SGB1786	Butyricimonas paravirosa	16.00
t__SGB8775	MGYG000004053	99.48
t__SGB8653	Zag111 sp002103105	100.00
t__SGB8030	Streptococcus sanguinis_H	16.00
t__SGB690	Methanobacterium sp000499765	100.00
t__SGB5200	AF33-28 sp003477885	100.00
t__SGB15149	Lawsonibacter sp000177015	94.00
t__SGB14952	UMGS1783 sp900555065	93.00
t__SGB29328	An92 sp900199495	98.00
t__SGB1963	Coprobacter fastidiosus	97.50
t__SGB8637	Zag1 sp000437435	97.50
t__SGB2105	MGYG000004655	98.50
t__SGB10124	Raoultella ornithinolytica	98.00
t__SGB2165	CAG-485 sp900760735	95.24
t__SGB25278	Streptococcus sanguinis_H	11.50
t__SGB2214	RC9 sp000432655	100.00
t__SGB4317	Eubacterium_R sp000433975	100.00
t__SGB4563	Mediterraneibacter faecis	95.00
t__SGB15887	Actinomyces sp900323545	42.00
t__SGB4447	CAG-274 sp000432155	98.65
t__SGB63169	MGYG000004874	84.00
t__SGB15137	MGYG000003770	100.00
t__SGB4575	Dorea formicigenerans	100.00
t__SGB8138	Streptococcus mitis_D	9.84
t__SGB14905	UMGS1668 sp900553955	99.00
t__SGB48548	Bacteroides sp900765785	98.20
t__SGB63305	Gemmiger variabilis	11.00
t__SGB14943	UBA5905 sp002437905	98.00
t__SGB380	MGYG000003962	100.00
t__SGB14311	SFEL01 sp004557245	100.00
t__SGB4121	UMGS1071 sp900542375	100.00
t__SGB4624	Lachnoclostridium_B sp000765215	96.00
t__SGB5083	Lachnospira sp003537285	97.00
t__SGB15172	F23-B02 sp000431075	66.67
t__SGB6817	Absicoccus sp000434355	100.00
t__SGB7122	Leuconostoc citreum	100.00
t__SGB8007_group	Streptococcus sp001556435	55.56
t__SGB9297	Sutterella seckii_A	100.00
t__SGB14037	MGYG000004020	38.00
t__SGB9301	MGYG000004829	100.00
t__SGB3931	CAG-145 sp900754795	1.00
t__SGB5121	Coprococcus sp900066115	52.00
t__SGB6067	Fusobacterium_B sp900541465	1.00
t__SGB1959	MGYG000003994	99.00
t__SGB6324	MGYG000001861	100.00
t__SGB14167	MGYG000004032	100.00
t__SGB3940	UMGS973 sp900547295	100.00
t__SGB15898	Cutibacterium granulosum	1.47
t__SGB14212	Firm-07 sp900548735	96.50
t__SGB63352	UMGS1397 sp900761355	20.50
t__SGB9284	MGYG000001574	89.50
t__SGB7903	Enterococcus caccae	3.50
t__SGB1671	Prevotella sp900544495	100.00
t__SGB69408	Leuconostoc pseudomesenteroides	92.86
t__SGB1957	UBA11471 sp000434215	98.32
t__SGB5906	Mitsuokella multacida	99.00
t__SGB2118	Duncaniella sp900549445	100.00
t__SGB15120	Evtepia gabavorous	100.00
t__SGB4743	CHH4-2 sp002899675	100.00
t__SGB372	MX-02 sp006954405	100.00
t__SGB4519	Robinsoniella peoriensis	97.50
t__SGB4708	MGYG000000680	88.00
t__SGB14758	Collinsella stercoris	5.00
t__SGB4053	UMGS1590 sp900552455	100.00
t__SGB1430	CAG-462 sp003489705	100.00
t__SGB97147	Streptococcus pasteurianus	24.19
t__SGB37624	UBA1409 sp900553675	15.00
t__SGB4141	HGM11501 sp900766735	100.00
t__SGB6297	MGYG000004078	96.46
t__SGB59852	MGYG000004558	21.50
t__SGB27424	MGYG000003480	94.00
t__SGB14894	Anaeromassilibacillus sp002159845	99.00
t__SGB14215	UMGS902 sp003343845	99.50
t__SGB1672	Prevotella sp900546575	92.63
t__SGB6338	CAG-269 sp900556345	98.00
t__SGB5099	CAG-632 sp000431515	97.00
t__SGB14199	UMGS882 sp900546385	100.00
t__SGB15180	F23-B02 sp001916715	86.84
t__SGB4206	MGYG000004598	100.00
t__SGB15015	CAG-110 sp900549705	97.50
t__SGB59334	Cellulosilyticum sp900556665	31.00
t__SGB14891	MGYG000003863	98.00
t__SGB6746	Erysipelatoclostridium sp002160495	100.00
t__SGB4031	Dielma fastidiosa	95.50
t__SGB7298_group	Gemella sanguinis	87.00
t__SGB4921	Agathobacter sp900543445	100.00
t__SGB7082	Ligilactobacillus salivarius	100.00
t__SGB7168	Pediococcus acidilactici	100.00
t__SGB5065	Butyrivibrio_A crossotus	100.00
t__SGB6292	CAG-452 sp900770415	98.84
t__SGB1778	Butyricimonas sp900184685	97.50
t__SGB79840	Flavonifractor plautii	8.50
t__SGB9198	Victivallis sp900551245	99.50
t__SGB1560	Prevotella intermedia	93.18
t__SGB6518	CAG-605 sp000433475	97.00
t__SGB62935	UBA1390 sp002305315	54.00
t__SGB6548	CAG-877 sp000433455	96.18
t__SGB2312	Alistipes sp900544265	100.00
t__SGB8640	Zag1 sp001765415	100.00
t__SGB47381	UBA1191 sp900542385	99.00
t__SGB15271	Ruthenibacterium lactatiformans	98.50
t__SGB701	Methanobrevibacter_A oralis	7.50
t__SGB8025	Streptococcus constellatus	27.43
t__SGB1917	Phocaeicola sp002161565	100.00
t__SGB3989	CAG-238 sp900551415	99.50
t__SGB1962	Coprobacter secundus	100.00
t__SGB15111	MGYG000000713	94.00
t__SGB14232	CAG-390 sp900753295	91.00
t__SGB1685	Prevotella sp900316565	99.50
t__SGB4784	UBA7160 sp900757145	99.50
t__SGB9343	MGYG000000394	100.00
t__SGB4260	Ruminococcus_D sp000434695	100.00
t__SGB4659	TF01-11 sp001414325	100.00
t__SGB4080	Eubacterium callanderi	91.36
t__SGB14003	UBA10281 sp900767495	97.97
t__SGB1810	Phocaeicola sp002493165	99.50
t__SGB8026	Streptococcus constellatus	98.89
t__SGB7041	Lactobacillus johnsonii	100.00
t__SGB7308	Gemella sanguinis	3.50
t__SGB9632	Haemophilus_A parahaemolyticus	94.38
t__SGB15213	CAG-110 sp900544705	99.50
