metaphlan	clade	msp
SGB5852	t__SGB5852	msp_0659
SGB6796	t__SGB6796	msp_0160
SGB14874	t__SGB14874	msp_0147
SGB1967	t__SGB1967	msp_0310
SGB14215	t__SGB14215	msp_0729
SGB14294	t__SGB14294	msp_0720
SGB15370	t__SGB15370	msp_0979
SGB9209	t__SGB9209	msp_1079
SGB9223	t__SGB9223	msp_0411
SGB14350	t__SGB14350	msp_1886
SGB6038	t__SGB6038	msp_0289
SGB15234	t__SGB15234	msp_0205
SGB4285	t__SGB4285	msp_0045
SGB380	t__SGB380	msp_0992
SGB14004	t__SGB14004	msp_1246
SGB15148	t__SGB15148	msp_1484
SGB2303	t__SGB2303	msp_0032
SGB6508	t__SGB6508	msp_1226
SGB15078	t__SGB15078	msp_0331
SGB4816	t__SGB4816	msp_0244
SGB1991	t__SGB1991	msp_1158
SGB14857	t__SGB14857	msp_0400
SGB1943	t__SGB1943	msp_0155
SGB4668	t__SGB4668	msp_1939
SGB6176	t__SGB6176	msp_1601
SGB7098	t__SGB7098	msp_1222
SGB14922	t__SGB14922	msp_0631
SGB6334	t__SGB6334	msp_1343
SGB14844	t__SGB14844	msp_0467
SGB14754	t__SGB14754	msp_1159
SGB4183	t__SGB4183	msp_1575
SGB4772	t__SGB4772	msp_1428
SGB4110	t__SGB4110	msp_1738
SGB4828	t__SGB4828	msp_0065
SGB14291	t__SGB14291	msp_0494
SGB6191	t__SGB6191	msp_0792
SGB1831	t__SGB1831	msp_0485
SGB9274	t__SGB9274	msp_0617
SGB9224	t__SGB9224	msp_0201
SGB4867	t__SGB4867	msp_0733
SGB9258	t__SGB9258	msp_0618
SGB4212	t__SGB4212	msp_0451
SGB15224	t__SGB15224	msp_0723
SGB4746	t__SGB4746	msp_0254
SGB1592	t__SGB1592	msp_0568
SGB4031	t__SGB4031	msp_1264c
SGB14113	t__SGB14113	msp_0555
SGB4040	t__SGB4040	msp_0231
SGB14020	t__SGB14020	msp_0982
SGB15202	t__SGB15202	msp_1357
SGB15220	t__SGB15220	msp_1136
SGB14019	t__SGB14019	msp_1316
SGB6444	t__SGB6444	msp_1306c
SGB4289	t__SGB4289	msp_0571
SGB4208	t__SGB4208	msp_0752
SGB2284	t__SGB2284	msp_0711c
SGB1370	t__SGB1370	msp_1989
SGB3683	t__SGB3683	msp_1276
SGB6528	t__SGB6528	msp_1518
SGB47280	t__SGB47280	msp_1677
SGB14809	t__SGB14809	msp_0573
SGB15356	t__SGB15356	msp_0490
SGB19690	t__SGB19690	msp_1280
SGB7045	t__SGB7045	msp_1196
SGB1917	t__SGB1917	msp_0349
SGB7126	t__SGB7126	msp_0890c
SGB10139	t__SGB10139	msp_0209
SGB4651	t__SGB4651	msp_0542
SGB5868	t__SGB5868	msp_1325
SGB5190	t__SGB5190	msp_0258
SGB5909	t__SGB5909	msp_0994
SGB14137	t__SGB14137	msp_0719
SGB4680	t__SGB4680	msp_0358
SGB4108	t__SGB4108	msp_1668
SGB1595	t__SGB1595	msp_1636
SGB14027	t__SGB14027	msp_0432
SGB4788	t__SGB4788	msp_0163
SGB1705	t__SGB1705	msp_0687
SGB6509	t__SGB6509	msp_1322
SGB14948	t__SGB14948	msp_0957
SGB6502	t__SGB6502	msp_0748
SGB5792	t__SGB5792	msp_0131
SGB19429	t__SGB19429	msp_0963c
SGB14247	t__SGB14247	msp_0692
SGB1885	t__SGB1885	msp_1904
SGB1896	t__SGB1896	msp_1982
SGB3321	t__SGB3321	msp_1441c
SGB8095	t__SGB8095	msp_0602c
SGB15382	t__SGB15382	msp_0781
SGB14379	t__SGB14379	msp_1596
SGB4675	t__SGB4675	msp_0745
SGB5066	t__SGB5066	msp_0294
SGB9307	t__SGB9307	msp_0695
SGB6187	t__SGB6187	msp_0347
SGB5068	t__SGB5068	msp_0376
SGB13965	t__SGB13965	msp_1210
SGB2240	t__SGB2240	msp_0327
SGB2241	t__SGB2241	msp_0508
SGB4811	t__SGB4811	msp_0436
SGB14298	t__SGB14298	msp_1319
SGB2219	t__SGB2219	msp_1108
SGB6445	t__SGB6445	msp_1285
SGB2111	t__SGB2111	msp_0836
SGB9392	t__SGB9392	msp_1631
SGB4317	t__SGB4317	msp_0569
SGB6371	t__SGB6371	msp_0856
SGB15408	t__SGB15408	msp_0218
SGB1005	t__SGB1005	msp_1856
SGB3994	t__SGB3994	msp_1415
SGB4146	t__SGB4146	msp_1817
SGB2068	t__SGB2068	msp_0051
SGB14308	t__SGB14308	msp_1875
SGB2076	t__SGB2076	msp_0608
SGB15342	t__SGB15342	msp_0389
SGB2089	t__SGB2089	msp_1475
SGB4613	t__SGB4613	msp_1684
SGB4767	t__SGB4767	msp_0930
SGB4028	t__SGB4028	msp_0973
SGB6499	t__SGB6499	msp_1162
SGB6817	t__SGB6817	msp_0938
SGB9269	t__SGB9269	msp_0768
SGB8589	t__SGB8589	msp_1888
SGB4029	t__SGB4029	msp_0500
SGB4871	t__SGB4871	msp_0164
SGB6140	t__SGB6140	msp_0621
SGB14911	t__SGB14911	msp_1902
SGB4886	t__SGB4886	msp_0168
SGB5099	t__SGB5099	msp_0582
SGB2275	t__SGB2275	msp_0635
SGB8630	t__SGB8630	msp_0782
SGB13983	t__SGB13983	msp_0430
SGB1939	t__SGB1939	msp_1814
SGB8767	t__SGB8767	msp_0465
SGB1945	t__SGB1945	msp_0264
SGB4664	t__SGB4664	msp_0305
SGB15154	t__SGB15154	msp_0478
SGB17256	t__SGB17256	msp_0419
SGB4537	t__SGB4537	msp_0337
SGB4626	t__SGB4626	msp_0379
SGB15211	t__SGB15211	msp_0487
SGB1437	t__SGB1437	msp_0667
SGB5234	t__SGB5234	msp_0995
SGB4339	t__SGB4339	msp_1363
SGB5906	t__SGB5906	msp_0482
SGB15126	t__SGB15126	msp_0364
SGB15462	t__SGB15462	msp_1655c
SGB4837	t__SGB4837	msp_0076
SGB1840	t__SGB1840	msp_0149
SGB7061	t__SGB7061	msp_0333
SGB4925	t__SGB4925	msp_0015
SGB1475	t__SGB1475	msp_0765
SGB2230	t__SGB2230	msp_0064
SGB8779	t__SGB8779	msp_0503
SGB1776	t__SGB1776	msp_0950c
SGB14139	t__SGB14139	msp_0871
SGB10079	t__SGB10079	msp_1432
SGB15031	t__SGB15031	msp_0312
SGB1973	t__SGB1973	msp_1215
SGB6609	t__SGB6609	msp_1389
SGB13997	t__SGB13997	msp_1166
SGB14947	t__SGB14947	msp_1460
SGB4329	t__SGB4329	msp_1386
SGB15323	t__SGB15323	msp_0345
SGB5903	t__SGB5903	msp_1326
SGB8057	t__SGB8057	msp_1599
SGB15237	t__SGB15237	msp_0976
SGB9245	t__SGB9245	msp_0967
SGB9947	t__SGB9947	msp_0368c
SGB5744	t__SGB5744	msp_0744
SGB6478	t__SGB6478	msp_0512
SGB14963	t__SGB14963	msp_0522
SGB6571	t__SGB6571	msp_0811
SGB4891	t__SGB4891	msp_0330
SGB4422	t__SGB4422	msp_0262
SGB8053	t__SGB8053	msp_1748
SGB15402	t__SGB15402	msp_1172
SGB1797	t__SGB1797	msp_0097
SGB4673	t__SGB4673	msp_0365
SGB6321	t__SGB6321	msp_1004
SGB2312	t__SGB2312	msp_0417
SGB7041	t__SGB7041	msp_1265
SGB14794	t__SGB14794	msp_1051
SGB8007_group	t__SGB8007_group	msp_0380
SGB5117	t__SGB5117	msp_0042
SGB1784	t__SGB1784	msp_0128
SGB4750	t__SGB4750	msp_0591
SGB2279	t__SGB2279	msp_0764
SGB53807	t__SGB53807	msp_1572
SGB8059_group	t__SGB8059_group	msp_1702
SGB4606	t__SGB4606	msp_0510
SGB6697	t__SGB6697	msp_1168
SGB5820	t__SGB5820	msp_1153
SGB6139	t__SGB6139	msp_0860
SGB4274	t__SGB4274	msp_0839
SGB5818	t__SGB5818	msp_0383
SGB17248	t__SGB17248	msp_0166
SGB3926_group	t__SGB3926_group	msp_1293
SGB2085	t__SGB2085	msp_0593
SGB5060	t__SGB5060	msp_1270
SGB14315	t__SGB14315	msp_1400
SGB2298	t__SGB2298	msp_0637
SGB4990	t__SGB4990	msp_0185
SGB14851	t__SGB14851	msp_1671c
SGB5090	t__SGB5090	msp_0572
SGB14912	t__SGB14912	msp_0203
SGB6249	t__SGB6249	msp_1408
SGB14954	t__SGB14954	msp_0526
SGB15463	t__SGB15463	msp_1696c:0.525322163970816,msp_2159:0.47467783602918406
SGB14843	t__SGB14843	msp_0914
SGB2310	t__SGB2310	msp_1026
SGB15506	t__SGB15506	msp_1714
SGB4757	t__SGB4757	msp_0049
SGB6607	t__SGB6607	msp_0886
SGB4909	t__SGB4909	msp_0480
SGB9256	t__SGB9256	msp_1088
SGB3573	t__SGB3573	msp_1094
SGB6290	t__SGB6290	msp_1175
SGB2278	t__SGB2278	msp_0951
SGB4151	t__SGB4151	msp_1712
SGB4529	t__SGB4529	msp_0200
SGB5290	t__SGB5290	msp_1705
SGB1981	t__SGB1981	msp_1570
SGB4059	t__SGB4059	msp_0978
SGB15093	t__SGB15093	msp_0534
SGB14255	t__SGB14255	msp_1465
SGB14109	t__SGB14109	msp_0806
SGB2286	t__SGB2286	msp_0230
SGB1963	t__SGB1963	msp_0139
SGB14148	t__SGB14148	msp_1486
SGB1861	t__SGB1861	msp_0011
SGB5910	t__SGB5910	msp_0714c
SGB4608	t__SGB4608	msp_0126
SGB4711	t__SGB4711	msp_1236
SGB6274	t__SGB6274	msp_1855
SGB13975	t__SGB13975	msp_1458
SGB9280	t__SGB9280	msp_0386
SGB6456	t__SGB6456	msp_1230
SGB15317	t__SGB15317	msp_0457
SGB6033	t__SGB6033	msp_1861
SGB10130	t__SGB10130	msp_0108
SGB6765	t__SGB6765	msp_1647
SGB1504	t__SGB1504	msp_1126
SGB4184	t__SGB4184	msp_0286
SGB1791	t__SGB1791	msp_0184
SGB4316	t__SGB4316	msp_0962
SGB14740	t__SGB14740	msp_0999
SGB5790	t__SGB5790	msp_0413
SGB14837	t__SGB14837	msp_1724
SGB2071	t__SGB2071	msp_0199
SGB4906	t__SGB4906	msp_0397
SGB955	t__SGB955	msp_1466
SGB9347	t__SGB9347	msp_0375
SGB8620	t__SGB8620	msp_0328
SGB15132	t__SGB15132	msp_0213
SGB1878	t__SGB1878	msp_0061
SGB2126	t__SGB2126	msp_0802
SGB6288	t__SGB6288	msp_1348
SGB15383	t__SGB15383	msp_1347c
SGB1472	t__SGB1472	msp_0300
SGB4728	t__SGB4728	msp_0177
SGB15040	t__SGB15040	msp_1029
SGB4143	t__SGB4143	msp_1871
SGB4770	t__SGB4770	msp_0473c
SGB4027	t__SGB4027	msp_0949
SGB8631	t__SGB8631	msp_0824
SGB15130	t__SGB15130	msp_1652
SGB8249	t__SGB8249	msp_0853c
SGB1803	t__SGB1803	msp_1870
SGB5749	t__SGB5749	msp_0889
SGB17237	t__SGB17237	msp_0138
SGB4174	t__SGB4174	msp_0445
SGB6648	t__SGB6648	msp_1245
SGB17234	t__SGB17234	msp_0570
SGB6579	t__SGB6579	msp_0821
SGB15389	t__SGB15389	msp_1485
SGB15107	t__SGB15107	msp_0192
SGB15204	t__SGB15204	msp_0541
SGB1799	t__SGB1799	msp_0607
SGB2155	t__SGB2155	msp_0888
SGB381	t__SGB381	msp_1467
SGB2119	t__SGB2119	msp_0428
SGB15257	t__SGB15257	msp_0965
SGB9262	t__SGB9262	msp_0145
SGB4659	t__SGB4659	msp_0175
SGB2287	t__SGB2287	msp_1841
SGB4780	t__SGB4780	msp_0563
SGB1815	t__SGB1815	msp_0035
SGB14193	t__SGB14193	msp_0676
SGB14849	t__SGB14849	msp_0577
SGB14855	t__SGB14855	msp_2054
SGB1860	t__SGB1860	msp_0019
SGB1593	t__SGB1593	msp_1249
SGB4782	t__SGB4782	msp_1492
SGB10118	t__SGB10118	msp_0140
SGB4905	t__SGB4905	msp_0561
SGB4026	t__SGB4026	msp_1299
SGB14332	t__SGB14332	msp_1217
SGB15403	t__SGB15403	msp_0560
SGB14845	t__SGB14845	msp_1013
SGB15469	t__SGB15469	msp_1848
SGB6309	t__SGB6309	msp_1897
SGB14936	t__SGB14936	msp_1672
SGB47659	t__SGB47659	msp_1123
SGB4290	t__SGB4290	msp_0095
SGB2306	t__SGB2306	msp_1209
SGB2295	t__SGB2295	msp_0196
SGB14003	t__SGB14003	msp_1274
SGB14993	t__SGB14993	msp_0769
SGB47381	t__SGB47381	msp_1938
SGB5071	t__SGB5071	msp_0548
SGB14373	t__SGB14373	msp_1142
SGB8590	t__SGB8590	msp_1095
SGB2124	t__SGB2124	msp_0614
SGB72777	t__SGB72777	msp_1520
SGB1965	t__SGB1965	msp_0059
SGB9284	t__SGB9284	msp_1152
SGB1677	t__SGB1677	msp_0229
SGB6172	t__SGB6172	msp_1567
SGB14222	t__SGB14222	msp_0556
SGB14854	t__SGB14854	msp_1558
SGB6169	t__SGB6169	msp_1772c
SGB14389	t__SGB14389	msp_0662
SGB6250	t__SGB6250	msp_1988
SGB5191	t__SGB5191	msp_0204
SGB6350	t__SGB6350	msp_1189
SGB15377	t__SGB15377	msp_0298
SGB72916	t__SGB72916	msp_1549
SGB15111	t__SGB15111	msp_1917
SGB4044	t__SGB4044	msp_1362
SGB6369	t__SGB6369	msp_1139
SGB1666	t__SGB1666	msp_0136
SGB15074	t__SGB15074	msp_0640
SGB4042	t__SGB4042	msp_0479
SGB9228	t__SGB9228	msp_0070
SGB1832	t__SGB1832	msp_0063
SGB6447	t__SGB6447	msp_1290
SGB15053	t__SGB15053	msp_0903
SGB6312	t__SGB6312	msp_0872
SGB2091	t__SGB2091	msp_0710
SGB4960	t__SGB4960	msp_0464
SGB5112	t__SGB5112	msp_2088
SGB5803_group	t__SGB5803_group	msp_0215
SGB5181	t__SGB5181	msp_1402
SGB1833	t__SGB1833	msp_0219
SGB6177	t__SGB6177	msp_1479
SGB4995	t__SGB4995	msp_1149
SGB6518	t__SGB6518	msp_1112
SGB2301	t__SGB2301	msp_0089
SGB4372	t__SGB4372	msp_0708
SGB17347	t__SGB17347	msp_1001
SGB4036	t__SGB4036	msp_0278
SGB6417	t__SGB6417	msp_1214
SGB14208	t__SGB14208	msp_0540
SGB4141	t__SGB4141	msp_0683
SGB14999	t__SGB14999	msp_1173c
SGB14995	t__SGB14995	msp_1381
SGB15191	t__SGB15191	msp_0513
SGB13979	t__SGB13979	msp_0804
SGB5822	t__SGB5822	msp_0834
SGB9272	t__SGB9272	msp_0239
SGB6183	t__SGB6183	msp_1046
SGB4198	t__SGB4198	msp_0053
SGB6388	t__SGB6388	msp_1203
SGB12676	t__SGB12676	msp_1205
SGB2181	t__SGB2181	msp_2134
SGB15097	t__SGB15097	msp_0605
SGB1810	t__SGB1810	msp_0438
SGB13957	t__SGB13957	msp_1295
SGB6179	t__SGB6179	msp_0454
SGB14847	t__SGB14847	msp_1637
SGB4393	t__SGB4393	msp_0904
SGB54320	t__SGB54320	msp_1709
SGB1690	t__SGB1690	msp_0894
SGB6606	t__SGB6606	msp_1225:0.42516054987714863,msp_1258:0.5748394501228513
SGB6489	t__SGB6489	msp_1597
SGB4175	t__SGB4175	msp_0921
SGB1953	t__SGB1953	msp_0870
SGB6476	t__SGB6476	msp_1414
SGB7082	t__SGB7082	msp_0712
SGB6601	t__SGB6601	msp_0955
SGB14297	t__SGB14297	msp_1332
SGB7097	t__SGB7097	msp_1220
SGB2173	t__SGB2173	msp_0628
SGB6011	t__SGB6011	msp_0610
SGB14227	t__SGB14227	msp_0790
SGB1664	t__SGB1664	msp_1014
SGB4181	t__SGB4181	msp_0210
SGB4269	t__SGB4269	msp_0468
SGB5050	t__SGB5050	msp_0892
SGB2296	t__SGB2296	msp_0381
SGB15290	t__SGB15290	msp_1715
SGB7984	t__SGB7984	msp_1410
SGB15075	t__SGB15075	msp_0423
SGB14270	t__SGB14270	msp_0912
SGB6463	t__SGB6463	msp_1303
SGB14005	t__SGB14005	msp_0730
SGB5062	t__SGB5062	msp_0077
SGB6383	t__SGB6383	msp_1257
SGB7985	t__SGB7985	msp_0486
SGB6310	t__SGB6310	msp_1005
SGB6473	t__SGB6473	msp_0818
SGB15244	t__SGB15244	msp_0452
SGB4312	t__SGB4312	msp_0762
SGB15251	t__SGB15251	msp_1105
SGB5684	t__SGB5684	msp_1187
SGB6346	t__SGB6346	msp_1037
SGB14892	t__SGB14892	msp_0410
SGB2304	t__SGB2304	msp_0537
SGB4243	t__SGB4243	msp_0420
SGB1596	t__SGB1596	msp_1350
SGB1701	t__SGB1701	msp_1263c
SGB4046	t__SGB4046	msp_1556
SGB4434	t__SGB4434	msp_1708
SGB15374	t__SGB15374	msp_0592
SGB9207	t__SGB9207	msp_0248
SGB6327	t__SGB6327	msp_2063
SGB4774	t__SGB4774	msp_0814
SGB4729	t__SGB4729	msp_1698
SGB14136	t__SGB14136	msp_0703
SGB4638	t__SGB4638	msp_0688
SGB5089	t__SGB5089	msp_0048
SGB14116	t__SGB14116	msp_1924
SGB4546	t__SGB4546	msp_0674
SGB6343	t__SGB6343	msp_1109
SGB14832	t__SGB14832	msp_1669
SGB4921	t__SGB4921	msp_0441
SGB6816	t__SGB6816	msp_0981
SGB14980	t__SGB14980	msp_0450
SGB3952	t__SGB3952	msp_0665
SGB4874	t__SGB4874	msp_0154
SGB4761	t__SGB4761	msp_0713
SGB15410	t__SGB15410	msp_0424
SGB15315	t__SGB15315	msp_0639
SGB15070	t__SGB15070	msp_1588
SGB4959	t__SGB4959	msp_0299
SGB13950	t__SGB13950	msp_1286
SGB4741	t__SGB4741	msp_0044
SGB1663	t__SGB1663	msp_0549
SGB6617	t__SGB6617	msp_1330
SGB14180	t__SGB14180	msp_1545
SGB14264	t__SGB14264	msp_0771
SGB7951	t__SGB7951	msp_1489c
SGB4791	t__SGB4791	msp_0182
SGB5043	t__SGB5043	msp_0378
SGB1408	t__SGB1408	msp_0547
SGB65958	t__SGB65958	msp_1478
SGB14965	t__SGB14965	msp_0297
SGB8601	t__SGB8601	msp_0130
SGB4152	t__SGB4152	msp_1775
SGB6767	t__SGB6767	msp_0877
SGB2212	t__SGB2212	msp_1273
SGB5072	t__SGB5072	msp_0496
SGB14306	t__SGB14306	msp_0144
SGB1710	t__SGB1710	msp_0598
SGB4948	t__SGB4948	msp_0539
SGB6170	t__SGB6170	msp_0329
SGB10114	t__SGB10114	msp_0241
SGB8772	t__SGB8772	msp_1690
SGB9197	t__SGB9197	msp_0120
SGB6653	t__SGB6653	msp_1234
SGB4271	t__SGB4271	msp_1335
SGB6705	t__SGB6705	msp_1057c
SGB4652	t__SGB4652	msp_0194
SGB15322	t__SGB15322	msp_0399
SGB15124	t__SGB15124	msp_0861
SGB6465	t__SGB6465	msp_1043
SGB1897	t__SGB1897	msp_0377
SGB1589	t__SGB1589	msp_0789
SGB8022	t__SGB8022	msp_1341
SGB15121	t__SGB15121	msp_0425
SGB4328	t__SGB4328	msp_0709
SGB58382	t__SGB58382	msp_2101
SGB15109	t__SGB15109	msp_1626
SGB9287	t__SGB9287	msp_1419
SGB2326	t__SGB2326	msp_0324
SGB10086	t__SGB10086	msp_1816
SGB4153	t__SGB4153	msp_1061c
SGB4247	t__SGB4247	msp_0127
SGB4643	t__SGB4643	msp_0463
SGB9340	t__SGB9340	msp_0220
SGB15081	t__SGB15081	msp_0874
SGB14991	t__SGB14991	msp_0650
SGB2311	t__SGB2311	msp_0335
SGB14253	t__SGB14253	msp_0679
SGB6392	t__SGB6392	msp_1103
SGB713	t__SGB713	msp_0924
SGB15390	t__SGB15390	msp_0314
SGB1983	t__SGB1983	msp_1215
SGB4950	t__SGB4950	msp_0094
SGB14894	t__SGB14894	msp_1356
SGB14397	t__SGB14397	msp_0970
SGB8637	t__SGB8637	msp_0909
SGB4702	t__SGB4702	msp_1183
SGB4616	t__SGB4616	msp_1948
SGB6407	t__SGB6407	msp_1354
SGB4672	t__SGB4672	msp_0550
SGB17278	t__SGB17278	msp_0916
SGB13948	t__SGB13948	msp_1542
SGB14143	t__SGB14143	msp_1397c
SGB4712	t__SGB4712	msp_0780
SGB14937	t__SGB14937	msp_0249
SGB1626	t__SGB1626	msp_0041
SGB6403	t__SGB6403	msp_1297
SGB14203	t__SGB14203	msp_1509
SGB14296	t__SGB14296	msp_1239
SGB15209	t__SGB15209	msp_0759
SGB4632	t__SGB4632	msp_1525
SGB4715	t__SGB4715	msp_1622
SGB14311	t__SGB14311	msp_0398
SGB1957	t__SGB1957	msp_0412
SGB9271	t__SGB9271	msp_0474
SGB15316	t__SGB15316	msp_0388
SGB2184	t__SGB2184	msp_1827
SGB1675	t__SGB1675	msp_0980
SGB5825_group	t__SGB5825_group	msp_0212
SGB47656	t__SGB47656	msp_1353
SGB6750	t__SGB6750	msp_0623
SGB15143	t__SGB15143	msp_0977
SGB17231	t__SGB17231	msp_1155
SGB14784	t__SGB14784	msp_0677c
SGB6510	t__SGB6510	msp_1066
SGB4810	t__SGB4810	msp_0189
SGB4577	t__SGB4577	msp_0259
SGB10207	t__SGB10207	msp_1331
SGB8047_group	t__SGB8047_group	msp_0146c
SGB3969	t__SGB3969	msp_0737
SGB2321	t__SGB2321	msp_0636
SGB15101	t__SGB15101	msp_0876
SGB14048	t__SGB14048	msp_1592
SGB2092	t__SGB2092	msp_0857
SGB3991	t__SGB3991	msp_0707
SGB8648	t__SGB8648	msp_1023
SGB1867	t__SGB1867	msp_0021
SGB1667	t__SGB1667	msp_0599
SGB4260	t__SGB4260	msp_0481
SGB4447	t__SGB4447	msp_0431
SGB5722	t__SGB5722	msp_1167
SGB10028	t__SGB10028	msp_0100
SGB4720	t__SGB4720	msp_1305
SGB13999	t__SGB13999	msp_1266
SGB15229	t__SGB15229	msp_1021
SGB9198	t__SGB9198	msp_0516
SGB4771	t__SGB4771	msp_1533
SGB15447	t__SGB15447	msp_0369
SGB15256	t__SGB15256	msp_0841
SGB7931	t__SGB7931	msp_1697
SGB14367	t__SGB14367	msp_0969
SGB15460	t__SGB15460	msp_0226
SGB4826	t__SGB4826	msp_0141
SGB3957	t__SGB3957	msp_1291
SGB14951	t__SGB14951	msp_1621
SGB6262	t__SGB6262	msp_1179
SGB14891	t__SGB14891	msp_1461
SGB14011	t__SGB14011	msp_1115
SGB3977	t__SGB3977	msp_1259c
SGB14243	t__SGB14243	msp_0686
SGB9301	t__SGB9301	msp_0741
SGB15102	t__SGB15102	msp_1016
SGB2325	t__SGB2325	msp_0318
SGB4890	t__SGB4890	msp_1124
SGB17264	t__SGB17264	msp_0878
SGB5750	t__SGB5750	msp_1844
SGB6313	t__SGB6313	msp_1206
SGB14895	t__SGB14895	msp_0370
SGB4617	t__SGB4617	msp_0274
SGB4701	t__SGB4701	msp_0308
SGB6497	t__SGB6497	msp_1733
SGB3940	t__SGB3940	msp_0776
SGB1823	t__SGB1823	msp_1278
SGB2290	t__SGB2290	msp_0225
SGB4893	t__SGB4893	msp_0373
SGB15313	t__SGB15313	msp_0690
SGB4965	t__SGB4965	msp_0321
SGB13990	t__SGB13990	msp_1218
SGB6531	t__SGB6531	msp_1212
SGB5115	t__SGB5115	msp_0668
SGB6956	t__SGB6956	msp_1219
SGB4158	t__SGB4158	msp_0644
SGB3992	t__SGB3992	msp_0472
SGB5054	t__SGB5054	msp_1662
SGB4581	t__SGB4581	msp_0307
SGB4938	t__SGB4938	msp_0057
SGB9343	t__SGB9343	msp_0788
SGB4786	t__SGB4786	msp_0113
SGB6486	t__SGB6486	msp_1027
SGB14905	t__SGB14905	msp_1664
SGB14248	t__SGB14248	msp_0447
SGB15249	t__SGB15249	msp_0777
SGB4365	t__SGB4365	msp_0322
SGB8640	t__SGB8640	msp_0819
SGB4758	t__SGB4758	msp_0009
SGB8005	t__SGB8005	msp_1810
SGB4759	t__SGB4759	msp_0135
SGB10119	t__SGB10119	msp_0633
SGB4301	t__SGB4301	msp_1271
SGB1940	t__SGB1940	msp_0156
SGB15353	t__SGB15353	msp_0900
SGB15461	t__SGB15461	msp_1639
SGB4425_group	t__SGB4425_group	msp_0178
SGB5104	t__SGB5104	msp_0499
SGB8021	t__SGB8021	msp_0983
SGB9344	t__SGB9344	msp_0795
SGB2131	t__SGB2131	msp_0880
SGB1704	t__SGB1704	msp_1981
SGB5111	t__SGB5111	msp_0039
SGB14958	t__SGB14958	msp_1609c
SGB1423	t__SGB1423	msp_0681
SGB1858	t__SGB1858	msp_0054
SGB9333	t__SGB9333	msp_0183
SGB14017	t__SGB14017	msp_1086
SGB15212	t__SGB15212	msp_1098
SGB5870	t__SGB5870	msp_1034
SGB1949	t__SGB1949	msp_0027
SGB9153	t__SGB9153	msp_0990
SGB2229	t__SGB2229	msp_1474
SGB2318	t__SGB2318	msp_0090
SGB8599	t__SGB8599	msp_0455
SGB14881	t__SGB14881	msp_1780c
SGB7088_group	t__SGB7088_group	msp_0408
SGB4588	t__SGB4588	msp_0246
SGB15218	t__SGB15218	msp_1550
SGB5801	t__SGB5801	msp_1065
SGB15452	t__SGB15452	msp_0110
SGB14803	t__SGB14803	msp_0638
SGB1853	t__SGB1853	msp_0033
SGB6847	t__SGB6847	msp_1308
SGB15072	t__SGB15072	msp_0391
SGB15398	t__SGB15398	msp_0354
SGB6449	t__SGB6449	msp_1455
SGB4655	t__SGB4655	msp_0247
SGB1934	t__SGB1934	msp_0012
SGB5967	t__SGB5967	msp_0395
SGB9226	t__SGB9226	msp_0025
SGB14301	t__SGB14301	msp_0859
SGB5858	t__SGB5858	msp_0197
SGB15159	t__SGB15159	msp_0342
SGB14042	t__SGB14042	msp_0728
SGB1889	t__SGB1889	msp_1229
SGB4894	t__SGB4894	msp_0060
SGB4669	t__SGB4669	msp_0945
SGB5862	t__SGB5862	msp_0501
SGB6513	t__SGB6513	msp_1110
SGB6538	t__SGB6538	msp_1450
SGB19351_group	t__SGB19351_group	msp_0844c
SGB8770	t__SGB8770	msp_1182
SGB1824	t__SGB1824	msp_0211
SGB1948	t__SGB1948	msp_0083
SGB6526	t__SGB6526	msp_1160
SGB2237	t__SGB2237	msp_0987
SGB8028_group	t__SGB8028_group	msp_1127
SGB4760	t__SGB4760	msp_0020
SGB14177	t__SGB14177	msp_0619
SGB15015	t__SGB15015	msp_0597
SGB6450	t__SGB6450	msp_1417
SGB14151	t__SGB14151	msp_0372
SGB1821	t__SGB1821	msp_0217
SGB4859	t__SGB4859	msp_0933
SGB15022	t__SGB15022	msp_0643
SGB15156	t__SGB15156	msp_0545
SGB4552	t__SGB4552	msp_0655
SGB27424	t__SGB27424	msp_1824
SGB2328	t__SGB2328	msp_0287
SGB15198	t__SGB15198	msp_0319
SGB5065	t__SGB5065	msp_0206
SGB4749	t__SGB4749	msp_0079
SGB9242	t__SGB9242	msp_1116
SGB6570	t__SGB6570	msp_1008
SGB1855	t__SGB1855	msp_0010
SGB25497	t__SGB25497	msp_0558
SGB15394	t__SGB15394	msp_0348
SGB2025	t__SGB2025	msp_1242
SGB1796	t__SGB1796	msp_0495
SGB6370	t__SGB6370	msp_1069
SGB15036	t__SGB15036	msp_1707
SGB6285	t__SGB6285	msp_1260
SGB15275	t__SGB15275	msp_1548
SGB5200	t__SGB5200	msp_1541
SGB14260	t__SGB14260	msp_1248
SGB4987	t__SGB4987	msp_0018
SGB1668	t__SGB1668	msp_0257
SGB15090	t__SGB15090	msp_0352
SGB4721	t__SGB4721	msp_0129
SGB4831	t__SGB4831	msp_1643c
SGB4963	t__SGB4963	msp_0885
SGB15239	t__SGB15239	msp_0453
SGB4747	t__SGB4747	msp_0233
SGB4829	t__SGB4829	msp_1038
SGB15295	t__SGB15295	msp_0418
SGB14124	t__SGB14124	msp_1538
SGB4961	t__SGB4961	msp_0440
SGB6747	t__SGB6747	msp_0883
SGB4037	t__SGB4037	msp_0103
SGB4194	t__SGB4194	msp_0444
SGB4619	t__SGB4619	msp_1250
SGB15103	t__SGB15103	msp_0747
SGB15233	t__SGB15233	msp_0404
SGB6564	t__SGB6564	msp_1101
SGB6498	t__SGB6498	msp_1170
SGB5985	t__SGB5985	msp_1081
SGB15236	t__SGB15236	msp_0596
SGB4629	t__SGB4629	msp_1491
SGB3996	t__SGB3996	msp_0315
SGB5904	t__SGB5904	msp_0359
SGB2214	t__SGB2214	msp_1107
SGB4159	t__SGB4159	msp_1629
SGB6039	t__SGB6039	msp_0266
SGB5116	t__SGB5116	msp_0989
SGB4797	t__SGB4797	msp_0268
SGB6305	t__SGB6305	msp_1033
SGB6532	t__SGB6532	msp_1427
SGB4583	t__SGB4583	msp_0111
SGB13947	t__SGB13947	msp_1102
SGB7106	t__SGB7106	msp_1006
SGB1895	t__SGB1895	msp_0096
SGB13825	t__SGB13825	msp_0840
SGB5042	t__SGB5042	msp_0630
SGB7298_group	t__SGB7298_group	msp_0974c
SGB7039	t__SGB7039	msp_1805
SGB8000	t__SGB8000	msp_1477
SGB14049	t__SGB14049	msp_0929
SGB5121	t__SGB5121	msp_0133:0.35686831547950426,msp_0223:0.6431316845204957
SGB14198	t__SGB14198	msp_1483
SGB1697	t__SGB1697	msp_1045
SGB4706	t__SGB4706	msp_0820
SGB7093	t__SGB7093	msp_1773
SGB4448	t__SGB4448	msp_0507
SGB7044	t__SGB7044	msp_1268
SGB15120	t__SGB15120	msp_0509
SGB14741	t__SGB14741	msp_0946
SGB10133	t__SGB10133	msp_0865
SGB1792	t__SGB1792	msp_0216
SGB15140	t__SGB15140	msp_1584
SGB6661	t__SGB6661	msp_1336
SGB6007	t__SGB6007	msp_0610
SGB13976	t__SGB13976	msp_0854
SGB3983	t__SGB3983	msp_0392
SGB4716	t__SGB4716	msp_0898
SGB4628	t__SGB4628	msp_0524
SGB6846	t__SGB6846	msp_0671
SGB14150	t__SGB14150	msp_0421
SGB15449	t__SGB15449	msp_0253
SGB4133	t__SGB4133	msp_0629
SGB1891	t__SGB1891	msp_0043
SGB14862	t__SGB14862	msp_1443
SGB1673	t__SGB1673	msp_0746
SGB15173	t__SGB15173	msp_0755c
SGB25437	t__SGB25437	msp_1656
SGB2087	t__SGB2087	msp_0653
SGB4779	t__SGB4779	msp_1608c
SGB5063	t__SGB5063	msp_0387
SGB1798	t__SGB1798	msp_0026
SGB1782	t__SGB1782	msp_0117
SGB14334	t__SGB14334	msp_0595
SGB4406	t__SGB4406	msp_0891
SGB6744	t__SGB6744	msp_0153
SGB4449	t__SGB4449	msp_1010
SGB4940	t__SGB4940	msp_0072
SGB4744	t__SGB4744	msp_0402
SGB5045	t__SGB5045	msp_0236
SGB4191	t__SGB4191	msp_0047
SGB14873	t__SGB14873	msp_1845
SGB14229	t__SGB14229	msp_0727
SGB15385	t__SGB15385	msp_0553
SGB48242	t__SGB48242	msp_1178
SGB1679	t__SGB1679	msp_0275
SGB14025	t__SGB14025	msp_0941
SGB4798	t__SGB4798	msp_0309
SGB4563	t__SGB4563	msp_0152
SGB6768	t__SGB6768	msp_0828
SGB6430	t__SGB6430	msp_1398
SGB14238	t__SGB14238	msp_1003
SGB14923	t__SGB14923	msp_0384
SGB2313	t__SGB2313	msp_0214
SGB1946	t__SGB1946	msp_0316
SGB6184	t__SGB6184	msp_0515
SGB15300	t__SGB15300	msp_0374
SGB17244_group	t__SGB17244_group	msp_0263
SGB6543	t__SGB6543	msp_1232
SGB6484	t__SGB6484	msp_1204
SGB5057	t__SGB5057	msp_0863
SGB1600	t__SGB1600	msp_0137
SGB2154	t__SGB2154	msp_0476
SGB2299	t__SGB2299	msp_0429
SGB8634	t__SGB8634	msp_0564
SGB4705	t__SGB4705	msp_0346
SGB4820	t__SGB4820	msp_0208
SGB6174	t__SGB6174	msp_0760
SGB1847	t__SGB1847	msp_1284
SGB14024	t__SGB14024	msp_1396c
SGB1559	t__SGB1559	msp_1412
SGB72735	t__SGB72735	msp_0641
SGB4888	t__SGB4888	msp_1077
SGB6338	t__SGB6338	msp_0961
SGB4155	t__SGB4155	msp_1022
SGB15099	t__SGB15099	msp_0822
SGB746	t__SGB746	msp_0935
SGB15299	t__SGB15299	msp_0407
SGB5736	t__SGB5736	msp_0221
SGB4910	t__SGB4910	msp_0055
SGB4615	t__SGB4615	msp_1747
SGB14739	t__SGB14739	msp_1436
SGB1789	t__SGB1789	msp_0827
SGB9208	t__SGB9208	msp_0116
SGB1933	t__SGB1933	msp_0394
SGB14336	t__SGB14336	msp_1125
SGB4272	t__SGB4272	msp_0529
SGB8625	t__SGB8625	msp_0660
SGB4644	t__SGB4644	msp_0093
SGB8597	t__SGB8597	msp_0620
SGB8608	t__SGB8608	msp_1104
SGB9992	t__SGB9992	msp_0228
SGB14007	t__SGB14007	msp_0928
SGB4936	t__SGB4936	msp_0071
SGB4335	t__SGB4335	msp_0835
SGB14125	t__SGB14125	msp_1090
SGB8003	t__SGB8003	msp_1453
SGB6483	t__SGB6483	msp_1434
SGB15210	t__SGB15210	msp_0536
SGB1587	t__SGB1587	msp_0320
SGB15150	t__SGB15150	msp_0492
SGB4793	t__SGB4793	msp_1624
SGB4418	t__SGB4418	msp_0367
SGB6411	t__SGB6411	msp_1233
SGB1612	t__SGB1612	msp_1732
SGB9342	t__SGB9342	msp_0642
SGB4385	t__SGB4385	msp_2009
SGB4718	t__SGB4718	msp_1562
SGB1699	t__SGB1699	msp_0081
SGB14932	t__SGB14932	msp_1177
SGB14307	t__SGB14307	msp_0732
SGB2185	t__SGB2185	msp_1640
SGB14968	t__SGB14968	msp_0566
SGB3677	t__SGB3677	msp_0656
SGB6602	t__SGB6602	msp_0808
SGB1662	t__SGB1662	msp_0176
SGB15252	t__SGB15252	msp_0988
SGB15086	t__SGB15086	msp_1665
SGB3970	t__SGB3970	msp_0104
SGB13956	t__SGB13956	msp_1903
SGB6360	t__SGB6360	msp_1442
SGB6927_group	t__SGB6927_group	msp_1799
SGB5239	t__SGB5239	msp_0825
SGB5785	t__SGB5785	msp_0594
SGB4327	t__SGB4327	msp_0277
SGB15127	t__SGB15127	msp_1012
SGB14099	t__SGB14099	msp_1067
SGB8653	t__SGB8653	msp_0897
SGB6308	t__SGB6308	msp_0685
SGB376	t__SGB376	msp_1318
SGB3978	t__SGB3978	msp_1946
SGB15271	t__SGB15271	msp_0172
SGB14216	t__SGB14216	msp_0996
SGB3578	t__SGB3578	msp_0401
SGB6307	t__SGB6307	msp_1134
SGB6442	t__SGB6442	msp_1380
SGB6935	t__SGB6935	msp_1329
SGB14111	t__SGB14111	msp_1192
SGB9387	t__SGB9387	msp_1019
SGB1977	t__SGB1977	msp_1361
SGB1795	t__SGB1795	msp_0470
SGB15091	t__SGB15091	msp_0121
SGB6493	t__SGB6493	msp_1068
SGB6031	t__SGB6031	msp_0338
SGB1822	t__SGB1822	msp_0187
SGB6396	t__SGB6396	msp_1301
SGB13984	t__SGB13984	msp_1439
SGB1848	t__SGB1848	msp_1737
SGB4038	t__SGB4038	msp_1700
SGB14810	t__SGB14810	msp_1901
SGB4691	t__SGB4691	msp_0181
SGB14370	t__SGB14370	msp_1531c
SGB4364	t__SGB4364	msp_0343
SGB4314	t__SGB4314	msp_1002
SGB1931	t__SGB1931	msp_0528
SGB5800	t__SGB5800	msp_1064
SGB6753	t__SGB6753	msp_0927
SGB4951	t__SGB4951	msp_0017
SGB6302	t__SGB6302	msp_1261
SGB6148	t__SGB6148	msp_0422
SGB5832	t__SGB5832	msp_0926
SGB6359	t__SGB6359	msp_1413
SGB3993	t__SGB3993	msp_0793
SGB4872	t__SGB4872	msp_1527
SGB6365	t__SGB6365	msp_1198
SGB6806	t__SGB6806	msp_0648
SGB15125	t__SGB15125	msp_1519
SGB6604	t__SGB6604	msp_1071
SGB6452	t__SGB6452	msp_1201
SGB13987	t__SGB13987	msp_1147
SGB5843	t__SGB5843	msp_1114
SGB14328	t__SGB14328	msp_1131
SGB4280	t__SGB4280	msp_0290
SGB1613	t__SGB1613	msp_0084
SGB3990	t__SGB3990	msp_1053
SGB14943	t__SGB14943	msp_1355
SGB4937	t__SGB4937	msp_0459
SGB15368	t__SGB15368	msp_0034
SGB4993	t__SGB4993	msp_0125
SGB15013	t__SGB15013	msp_1468
SGB4572	t__SGB4572	msp_0706
SGB8774	t__SGB8774	msp_1829
SGB8624	t__SGB8624	msp_0775
SGB2108	t__SGB2108	msp_1836
SGB6270	t__SGB6270	msp_1726
SGB4053	t__SGB4053	msp_1195
SGB13981	t__SGB13981	msp_0449
SGB4341	t__SGB4341	msp_1644
SGB14929	t__SGB14929	msp_1171
SGB1980	t__SGB1980	msp_1600
SGB6297	t__SGB6297	msp_1612
SGB4670	t__SGB4670	msp_0986
SGB9265	t__SGB9265	msp_0954
SGB14190	t__SGB14190	msp_1379
SGB1614	t__SGB1614	msp_0078
SGB9294	t__SGB9294	msp_0919
SGB4557	t__SGB4557	msp_0250
SGB6344	t__SGB6344	msp_1373
SGB6353	t__SGB6353	msp_1435
SGB6501	t__SGB6501	msp_1366
SGB6347	t__SGB6347	msp_0757
SGB14250	t__SGB14250	msp_0652
SGB15195	t__SGB15195	msp_1699
SGB4241	t__SGB4241	msp_0606
SGB1877	t__SGB1877	msp_0023
SGB748	t__SGB748	msp_1327
SGB1474	t__SGB1474	msp_1834
SGB15158	t__SGB15158	msp_0634
SGB14853	t__SGB14853	msp_0340
SGB15280	t__SGB15280	msp_0350
SGB6367	t__SGB6367	msp_0947
SGB6264	t__SGB6264	msp_1262
SGB1857	t__SGB1857	msp_0037
SGB6272	t__SGB6272	msp_1283
SGB4528	t__SGB4528	msp_1906
SGB4436	t__SGB4436	msp_1649
SGB6384	t__SGB6384	msp_2039
SGB17364	t__SGB17364	msp_1075
SGB6936	t__SGB6936	msp_0884
SGB15165	t__SGB15165	msp_0701
SGB5731	t__SGB5731	msp_0869
SGB3574	t__SGB3574	msp_0908
SGB2238	t__SGB2238	msp_0261
SGB6362	t__SGB6362	msp_0586
SGB15213	t__SGB15213	msp_0761
SGB15085	t__SGB15085	msp_0932
SGB1910	t__SGB1910	msp_0101
SGB14364	t__SGB14364	msp_1528
SGB4532	t__SGB4532	msp_0050
SGB4419	t__SGB4419	msp_0717
SGB5182	t__SGB5182	msp_0848
SGB4045	t__SGB4045	msp_1590c
SGB714	t__SGB714	msp_0585
SGB6329	t__SGB6329	msp_0964
SGB14237	t__SGB14237	msp_0823
SGB2016	t__SGB2016	msp_1456c
SGB9278	t__SGB9278	msp_2127
SGB14039	t__SGB14039	msp_1574
SGB14786	t__SGB14786	msp_1557
SGB5076	t__SGB5076	msp_0158
SGB4648	t__SGB4648	msp_0238
SGB2145	t__SGB2145	msp_1560
SGB1818	t__SGB1818	msp_1879
SGB2133	t__SGB2133	msp_0786
SGB4742	t__SGB4742	msp_0024
SGB6818	t__SGB6818	msp_1857
SGB15077	t__SGB15077	msp_0670
SGB14908	t__SGB14908	msp_0678
SGB6503	t__SGB6503	msp_1047
SGB8592	t__SGB8592	msp_1719
SGB9199	t__SGB9199	msp_0255
SGB15507	t__SGB15507	msp_0279
SGB9277	t__SGB9277	msp_0937
SGB4882	t__SGB4882	msp_0074
SGB4368	t__SGB4368	msp_0784
SGB2073	t__SGB2073	msp_0525
SGB14110	t__SGB14110	msp_0798
SGB4776	t__SGB4776	msp_2165
SGB10127	t__SGB10127	msp_1766
SGB29095	t__SGB29095	msp_1677
SGB15241	t__SGB15241	msp_1551
SGB13972	t__SGB13972	msp_0567
SGB4193	t__SGB4193	msp_0427
SGB1588	t__SGB1588	msp_0067
SGB4343	t__SGB4343	msp_1422
SGB14360	t__SGB14360	msp_0873
SGB6771	t__SGB6771	msp_0132
SGB4394	t__SGB4394	msp_0959
SGB15253	t__SGB15253	msp_1469
SGB14018	t__SGB14018	msp_0944
SGB6188	t__SGB6188	msp_0323
SGB14263	t__SGB14263	msp_0624
SGB10141	t__SGB10141	msp_1511c
SGB1024	t__SGB1024	msp_1111
SGB7217	t__SGB7217	msp_1223c
SGB17247	t__SGB17247	msp_0627
SGB6477	t__SGB6477	msp_1369
SGB5989_group	t__SGB5989_group	msp_1783
SGB5986	t__SGB5986	msp_0574c
SGB4624	t__SGB4624	msp_1084
SGB4262	t__SGB4262	msp_0013
SGB4922	t__SGB4922	msp_0169
SGB1829	t__SGB1829	msp_0036
SGB15350	t__SGB15350	msp_1349
SGB14114	t__SGB14114	msp_0555
SGB1898	t__SGB1898	msp_0658
SGB9292	t__SGB9292	msp_0801
SGB4697	t__SGB4697	msp_1118
SGB15095	t__SGB15095	msp_0612
SGB15045	t__SGB15045	msp_0552
SGB9345	t__SGB9345	msp_0830
SGB14955	t__SGB14955	msp_1382
SGB4367	t__SGB4367	msp_0105
SGB4703	t__SGB4703	msp_0186
SGB4130	t__SGB4130	msp_1579c
SGB15203	t__SGB15203	msp_0303
SGB4785	t__SGB4785	msp_0180
SGB4762	t__SGB4762	msp_0056
SGB1836	t__SGB1836	msp_0046
SGB4333	t__SGB4333	msp_1267
SGB57575	t__SGB57575	msp_0913
SGB4575	t__SGB4575	msp_0506
SGB6178	t__SGB6178	msp_0362
SGB4421	t__SGB4421	msp_0325
SGB3989	t__SGB3989	msp_0773
SGB15073	t__SGB15073	msp_0766
SGB1653	t__SGB1653	msp_0339
SGB5075	t__SGB5075	msp_0087
SGB7050	t__SGB7050	msp_0691
SGB5853	t__SGB5853	msp_0366
SGB1883	t__SGB1883	msp_0190
SGB6517	t__SGB6517	msp_1425
SGB14962	t__SGB14962	msp_0150c
SGB15042	t__SGB15042	msp_1100
SGB4551	t__SGB4551	msp_1604
SGB1871	t__SGB1871	msp_0007
SGB4751	t__SGB4751	msp_0693
SGB15049	t__SGB15049	msp_1143
SGB6790	t__SGB6790	msp_0698
SGB6385	t__SGB6385	msp_0907
SGB6438	t__SGB6438	msp_0779
SGB15164	t__SGB15164	msp_0471
SGB1586	t__SGB1586	msp_1174
SGB1672	t__SGB1672	msp_1568
SGB1540	t__SGB1540	msp_1793
SGB4989	t__SGB4989	msp_0085
SGB4123	t__SGB4123	msp_1011
SGB15012	t__SGB15012	msp_1342
SGB4674	t__SGB4674	msp_0758
SGB4722	t__SGB4722	msp_1515
SGB15131	t__SGB15131	msp_0442
SGB4423	t__SGB4423	msp_0405
SGB6836	t__SGB6836	msp_0837
SGB1781	t__SGB1781	msp_1340
SGB6754	t__SGB6754	msp_0188
SGB1888	t__SGB1888	msp_0114
SGB4957	t__SGB4957	msp_0576
SGB6973	t__SGB6973	msp_1613
SGB6298	t__SGB6298	msp_1181
SGB5061	t__SGB5061	msp_0433
SGB5842	t__SGB5842	msp_1193
SGB14749	t__SGB14749	msp_0562
SGB1916	t__SGB1916	msp_0934
SGB14805	t__SGB14805	msp_1513
SGB1835	t__SGB1835	msp_0336
SGB5735	t__SGB5735	msp_1277
SGB1684	t__SGB1684	msp_0519
SGB15254	t__SGB15254	msp_0763
SGB1956	t__SGB1956	msp_1826
SGB6271	t__SGB6271	msp_1054
SGB4350	t__SGB4350	msp_2014
SGB14022	t__SGB14022	msp_0960
SGB6382	t__SGB6382	msp_1368
SGB14210	t__SGB14210	msp_0673
SGB1037	t__SGB1037	msp_1980
SGB17241	t__SGB17241	msp_0910
SGB14795	t__SGB14795	msp_1140
SGB1585	t__SGB1585	msp_0260
SGB14322	t__SGB14322	msp_0800
SGB15084	t__SGB15084	msp_0682
SGB8769	t__SGB8769	msp_0672
SGB2276	t__SGB2276	msp_0847
SGB6260	t__SGB6260	msp_1717
SGB9281	t__SGB9281	msp_0288
SGB4964	t__SGB4964	msp_0296
SGB2021	t__SGB2021	msp_0511
SGB4900	t__SGB4900	msp_0273
SGB14313	t__SGB14313	msp_0173
SGB6286	t__SGB6286	msp_1420
SGB4873	t__SGB4873	msp_1688
SGB14230	t__SGB14230	msp_0344
SGB4348	t__SGB4348	msp_0271
SGB9275	t__SGB9275	msp_0724
SGB1676	t__SGB1676	msp_0651
SGB6521	t__SGB6521	msp_1498
SGB14989	t__SGB14989	msp_0952
SGB4119	t__SGB4119	msp_1854
SGB15179	t__SGB15179	msp_0311
SGB6533	t__SGB6533	msp_1042
SGB15309_group	t__SGB15309_group	msp_0953
SGB15000	t__SGB15000	msp_1877
SGB7114	t__SGB7114	msp_0600c
SGB4373	t__SGB4373	msp_0498
SGB27742	t__SGB27742	msp_1582
SGB14223	t__SGB14223	msp_0796
SGB15451	t__SGB15451	msp_1076
SGB6584	t__SGB6584	msp_0527
SGB4438	t__SGB4438	msp_0448
SGB9203	t__SGB9203	msp_0073
SGB14924	t__SGB14924	msp_0270
SGB1942	t__SGB1942	msp_0098
SGB4604	t__SGB4604	msp_0812
SGB4597	t__SGB4597	msp_1529
SGB9656	t__SGB9656	msp_1476
SGB6376	t__SGB6376	msp_1093
SGB4591	t__SGB4591	msp_1617
SGB6358	t__SGB6358	msp_0845
SGB15273	t__SGB15273	msp_0632
SGB5077	t__SGB5077	msp_0161
SGB4699	t__SGB4699	msp_0086
SGB2239	t__SGB2239	msp_0416
SGB9247	t__SGB9247	msp_0675
SGB15260	t__SGB15260	msp_0917
SGB4671	t__SGB4671	msp_0292
SGB9260	t__SGB9260	msp_0202
SGB15373	t__SGB15373	msp_0622
SGB4197	t__SGB4197	msp_0252
SGB15346	t__SGB15346	msp_0484
SGB1862	t__SGB1862	msp_0022
SGB5051	t__SGB5051	msp_0551
SGB5854	t__SGB5854	msp_0700
SGB6541	t__SGB6541	msp_1157
SGB9212	t__SGB9212	msp_0099
SGB9303	t__SGB9303	msp_0895
SGB13977	t__SGB13977	msp_0787
SGB6291	t__SGB6291	msp_1288
SGB4637	t__SGB4637	msp_0829
SGB14960	t__SGB14960	msp_1444
SGB6580	t__SGB6580	msp_1007
SGB7020	t__SGB7020	msp_1287
SGB6267	t__SGB6267	msp_1135
SGB6428	t__SGB6428	msp_1275
SGB4420	t__SGB4420	msp_0282
SGB15089	t__SGB15089	msp_0477
SGB6540	t__SGB6540	msp_1049
SGB14953	t__SGB14953	msp_0663
SGB9290	t__SGB9290	msp_0749
SGB14023	t__SGB14023	msp_1074
SGB15238	t__SGB15238	msp_0361
SGB14043	t__SGB14043	msp_1200
SGB2227	t__SGB2227	msp_0304
SGB3961	t__SGB3961	msp_0851
SGB2136	t__SGB2136	msp_1052
SGB7962	t__SGB7962	msp_0497
SGB15318	t__SGB15318	msp_0301
SGB6378	t__SGB6378	msp_1185
SGB698	t__SGB698	msp_1311
SGB15066	t__SGB15066	msp_1312
SGB13994	t__SGB13994	msp_1760
SGB14108	t__SGB14108	msp_0975
SGB5184	t__SGB5184	msp_0740
SGB14834	t__SGB14834	msp_1256
SGB1415	t__SGB1415	msp_0920
SGB5742	t__SGB5742	msp_0488
SGB5087	t__SGB5087	msp_0227
SGB14737	t__SGB14737	msp_0785
SGB4540_group	t__SGB4540_group	msp_0107
SGB15291	t__SGB15291	msp_0456
SGB4602	t__SGB4602	msp_1949
SGB15004	t__SGB15004	msp_0689
SGB4547	t__SGB4547	msp_0554
SGB8768	t__SGB8768	msp_0532
SGB1928	t__SGB1928	msp_0694
SGB54318	t__SGB54318	msp_1687
SGB1827	t__SGB1827	msp_0363
SGB6289	t__SGB6289	msp_0993
SGB4584	t__SGB4584	msp_0058
SGB14085	t__SGB14085	msp_1502
SGB1680	t__SGB1680	msp_0123
SGB57321	t__SGB57321	msp_1087
SGB4116	t__SGB4116	msp_0601c
SGB6506	t__SGB6506	msp_0985
SGB4714	t__SGB4714	msp_0906
SGB15272	t__SGB15272	msp_0565
SGB4571	t__SGB4571	msp_0604
SGB6522	t__SGB6522	msp_1122
SGB4870	t__SGB4870	msp_0625
SGB6077	t__SGB6077	msp_1679
SGB15286	t__SGB15286	msp_0124
SGB13998	t__SGB13998	msp_1082
SGB14001	t__SGB14001	msp_1598
SGB15051	t__SGB15051	msp_1062
SGB6173	t__SGB6173	msp_0697
SGB14870	t__SGB14870	msp_1850
SGB14106	t__SGB14106	msp_1186
SGB6340	t__SGB6340	msp_0578
SGB4303	t__SGB4303	msp_0285
SGB6458	t__SGB6458	msp_1243
SGB14142	t__SGB14142	msp_1300c
SGB6511	t__SGB6511	msp_1247
SGB15149	t__SGB15149	msp_0385
SGB6550	t__SGB6550	msp_1304
SGB6330	t__SGB6330	msp_1129
SGB1429	t__SGB1429	msp_0256
SGB13978	t__SGB13978	msp_1676
SGB1787	t__SGB1787	msp_1409
SGB4753	t__SGB4753	msp_0066
SGB57558	t__SGB57558	msp_1706
SGB9205	t__SGB9205	msp_0038
SGB13952	t__SGB13952	msp_1146
SGB14014	t__SGB14014	msp_1254
SGB14185	t__SGB14185	msp_0807
SGB14218	t__SGB14218	msp_0810
SGB4881	t__SGB4881	msp_0371
SGB15028	t__SGB15028	msp_0850
SGB14013	t__SGB14013	msp_1097
SGB1416	t__SGB1416	msp_0646
SGB14232	t__SGB14232	msp_0491
SGB9243	t__SGB9243	msp_1031
SGB6036_group	t__SGB6036_group	msp_0580
SGB4631	t__SGB4631	msp_0193
SGB5863	t__SGB5863	msp_2066
SGB4136	t__SGB4136	msp_1292
SGB14026	t__SGB14026	msp_0943
SGB6460	t__SGB6460	msp_1211
SGB4949	t__SGB4949	msp_1055
SGB1812	t__SGB1812	msp_0040
SGB14906	t__SGB14906	msp_0462
SGB4834	t__SGB4834	msp_0162
SGB1830	t__SGB1830	msp_0031
SGB4862	t__SGB4862	msp_0052
SGB4654	t__SGB4654	msp_0207
SGB3580	t__SGB3580	msp_0939
SGB14138	t__SGB14138	msp_0842
SGB4704	t__SGB4704	msp_0559
SGB6136	t__SGB6136	msp_1682c
SGB4914	t__SGB4914	msp_0075
SGB4763	t__SGB4763	msp_0772
SGB9273	t__SGB9273	msp_0414
SGB14242	t__SGB14242	msp_0809
SGB1819	t__SGB1819	msp_1821
SGB15355	t__SGB15355	msp_0922
SGB14909	t__SGB14909	msp_0357
SGB1560	t__SGB1560	msp_1028c
SGB69346	t__SGB69346	msp_1912
SGB15413	t__SGB15413	msp_1564
SGB4958	t__SGB4958	msp_1120
SGB6962	t__SGB6962	msp_0134
SGB4930	t__SGB4930	msp_0533
SGB4657	t__SGB4657	msp_1020
SGB2215	t__SGB2215	msp_0991
SGB7038	t__SGB7038	msp_0925
SGB8633	t__SGB8633	msp_2003
SGB1481	t__SGB1481	msp_0475
SGB6273	t__SGB6273	msp_1253
SGB14182	t__SGB14182	msp_0699
SGB14390	t__SGB14390	msp_1607c
SGB8655	t__SGB8655	msp_0838
SGB4196	t__SGB4196	msp_0393
SGB4799	t__SGB4799	msp_0901
SGB10124	t__SGB10124	msp_1754
SGB14205	t__SGB14205	msp_0504
SGB1941	t__SGB1941	msp_0028
SGB4035	t__SGB4035	msp_0852
SGB2118	t__SGB2118	msp_0684
SGB5058	t__SGB5058	msp_0493
SGB6961	t__SGB6961	msp_0119
SGB15395	t__SGB15395	msp_0613
SGB5743	t__SGB5743	msp_0696
SGB4994	t__SGB4994	msp_0816c
SGB15087	t__SGB15087	msp_0615
SGB1962	t__SGB1962	msp_0198
SGB1671	t__SGB1671	msp_0918
SGB1890	t__SGB1890	msp_0502
SGB14194	t__SGB14194	msp_1970
SGB6778	t__SGB6778	msp_0458
SGB6372	t__SGB6372	msp_1393
SGB15136	t__SGB15136	msp_2142
SGB5193	t__SGB5193	msp_0242
SGB1778	t__SGB1778	msp_0088
SGB14804	t__SGB14804	msp_1472c
SGB4920	t__SGB4920	msp_1716
SGB4395	t__SGB4395	msp_0716
SGB4173	t__SGB4173	msp_0434
SGB14861	t__SGB14861	msp_0291
SGB15108	t__SGB15108	msp_0240
SGB14863	t__SGB14863	msp_0588
SGB4677	t__SGB4677	msp_0112
SGB6487	t__SGB6487	msp_1138
SGB5857	t__SGB5857	msp_0245
SGB13964	t__SGB13964	msp_1228
SGB1894	t__SGB1894	msp_0390
SGB15503	t__SGB15503	msp_0846
SGB4803	t__SGB4803	msp_0165
SGB6328	t__SGB6328	msp_0302
SGB5118	t__SGB5118	msp_0179
SGB9346	t__SGB9346	msp_0170
SGB15225	t__SGB15225	msp_1302
SGB4658	t__SGB4658	msp_0243
SGB4607	t__SGB4607	msp_1202
SGB4809	t__SGB4809	msp_0489
SGB14149	t__SGB14149	msp_0657
SGB15002	t__SGB15002	msp_0704
SGB15100	t__SGB15100	msp_0902
SGB385	t__SGB385	msp_1018
SGB1477	t__SGB1477	msp_0080
SGB15035	t__SGB15035	msp_0867
SGB14770	t__SGB14770	msp_0518
SGB15041	t__SGB15041	msp_0931
SGB9286	t__SGB9286	msp_0280
SGB1424	t__SGB1424	msp_0726
SGB9295	t__SGB9295	msp_1056
SGB6180	t__SGB6180	msp_1351
SGB4992	t__SGB4992	msp_0382
SGB4727	t__SGB4727	msp_0647
SGB4868	t__SGB4868	msp_0142
SGB2121	t__SGB2121	msp_0611
SGB65105	t__SGB65105	msp_1269
SGB6410	t__SGB6410	msp_1221
SGB15265	t__SGB15265	msp_0654
SGB15201	t__SGB15201	msp_0317
SGB14033	t__SGB14033	msp_1481
SGB1430	t__SGB1430	msp_0351
SGB15076	t__SGB15076	msp_0435
SGB15384	t__SGB15384	msp_0751
SGB6462	t__SGB6462	msp_1424
SGB6028_group	t__SGB6028_group	msp_1044
SGB14259	t__SGB14259	msp_1132
SGB14212	t__SGB14212	msp_0783
SGB4804	t__SGB4804	msp_1403
SGB6524	t__SGB6524	msp_1307
SGB15278	t__SGB15278	msp_0583
SGB1930	t__SGB1930	msp_0143
SGB10112	t__SGB10112	msp_0174
SGB14987	t__SGB14987	msp_1358
SGB6529	t__SGB6529	msp_1231
SGB2323	t__SGB2323	msp_0815
SGB4784	t__SGB4784	msp_0579
SGB5183	t__SGB5183	msp_0887
SGB14221	t__SGB14221	msp_1680
SGB4549	t__SGB4549	msp_0868
SGB14939	t__SGB14939	msp_0669
SGB14339	t__SGB14339	msp_1576
SGB15216	t__SGB15216	msp_0356
SGB14990	t__SGB14990	msp_1128
SGB1913	t__SGB1913	msp_0355
SGB6548	t__SGB6548	msp_1141
SGB4933	t__SGB4933	msp_0068
SGB6472	t__SGB6472	msp_1180
SGB6317	t__SGB6317	msp_0222
SGB747	t__SGB747	msp_1063c
SGB15038	t__SGB15038	msp_1763
SGB5746	t__SGB5746	msp_1495
SGB14985_group	t__SGB14985_group	msp_1070
SGB15119	t__SGB15119	msp_1032
SGB6263	t__SGB6263	msp_1487
SGB6440	t__SGB6440	msp_1328
SGB15106	t__SGB15106	msp_0306
SGB4582	t__SGB4582	msp_0530
SGB8002	t__SGB8002	msp_0833
SGB6014	t__SGB6014	msp_1790
SGB4166	t__SGB4166	msp_0735
SGB13982	t__SGB13982	msp_0353
SGB385	t__SGB385	msp_1018
SGB381	t__SGB381	msp_1467
SGB698	t__SGB698	msp_1311
SGB363	t__SGB363	msp_0896
SGB748	t__SGB748	msp_1327
SGB1005	t__SGB1005	msp_1856
SGB746	t__SGB746	msp_0935
SGB1024	t__SGB1024	msp_1111
SGB1404	t__SGB1404	msp_0535
SGB993	t__SGB993	msp_1197
SGB1437	t__SGB1437	msp_0667
SGB1474	t__SGB1474	msp_1834
SGB1430	t__SGB1430	msp_0351
SGB1482	t__SGB1482	msp_1994
SGB1416	t__SGB1416	msp_0646
SGB1472	t__SGB1472	msp_0300
SGB1478	t__SGB1478	msp_0972
SGB1614	t__SGB1614	msp_0078
SGB1475	t__SGB1475	msp_0765
SGB1595	t__SGB1595	msp_1636
SGB1585	t__SGB1585	msp_0260
SGB1559	t__SGB1559	msp_1412
SGB1531	t__SGB1531	msp_0616
SGB1593	t__SGB1593	msp_1249
SGB1588	t__SGB1588	msp_0067
SGB1587	t__SGB1587	msp_0320
SGB1663	t__SGB1663	msp_0549
SGB1557	t__SGB1557	msp_1404
SGB1662	t__SGB1662	msp_0176
SGB1699	t__SGB1699	msp_0081
SGB1552	t__SGB1552	msp_1782
SGB1657	t__SGB1657	msp_0598
SGB1592	t__SGB1592	msp_0568
SGB1680	t__SGB1680	msp_0123
SGB1705	t__SGB1705	msp_0687
SGB1644	t__SGB1644	msp_0224
SGB1673	t__SGB1673	msp_0746
SGB1636	t__SGB1636	msp_0251
SGB1668	t__SGB1668	msp_0257
SGB1676	t__SGB1676	msp_0651
SGB1613	t__SGB1613	msp_0084
SGB1677	t__SGB1677	msp_0229
SGB1701	t__SGB1701	msp_1263c
SGB1600	t__SGB1600	msp_0137
SGB1667	t__SGB1667	msp_0599
SGB1692	t__SGB1692	msp_0997
SGB1626	t__SGB1626	msp_0041
SGB1697	t__SGB1697	msp_1045
SGB1672	t__SGB1672	msp_0918:0.5699853541407163,msp_1568:0.4300146458592837
SGB1679	t__SGB1679	msp_0275
SGB1782	t__SGB1782	msp_0117
SGB1776	t__SGB1776	msp_0950c
SGB1714	t__SGB1714	msp_1106
SGB1666	t__SGB1666	msp_0136
SGB1781	t__SGB1781	msp_1340
SGB1814	t__SGB1814	
SGB1898	t__SGB1898	msp_0658
SGB1795	t__SGB1795	msp_0470
SGB1858	t__SGB1858	msp_0054
SGB1877	t__SGB1877	msp_0023
SGB1931	t__SGB1931	msp_0528
SGB1917	t__SGB1917	msp_0349:0.25813563044941185,msp_1842:0.7418643695505882
SGB1860	t__SGB1860	msp_0019
SGB1888	t__SGB1888	msp_0114
SGB1897	t__SGB1897	msp_0377
SGB1895	t__SGB1895	msp_0096
SGB1846	t__SGB1846	msp_0008
SGB1853	t__SGB1853	msp_0033
SGB1832	t__SGB1832	msp_0063
SGB1910	t__SGB1910	msp_0101
SGB1815	t__SGB1815	msp_0035
SGB1913	t__SGB1913	msp_0355
SGB1827	t__SGB1827	msp_0363
SGB1797	t__SGB1797	msp_0097
SGB1822	t__SGB1822	msp_0187
SGB1789	t__SGB1789	msp_0827
SGB1914	t__SGB1914	msp_0609
SGB1821	t__SGB1821	msp_0217
SGB1912	t__SGB1912	msp_0101:0.258383297343519,msp_1843:0.741616702656481
SGB1940	t__SGB1940	msp_0156
SGB1953	t__SGB1953	msp_0870
SGB1790	t__SGB1790	msp_0062
SGB1818	t__SGB1818	msp_1879
SGB1928	t__SGB1928	msp_0694
SGB1835	t__SGB1835	msp_0336
SGB1867	t__SGB1867	
SGB1916	t__SGB1916	msp_0934
SGB1791	t__SGB1791	msp_0184
SGB1942	t__SGB1942	msp_0098
SGB1784	t__SGB1784	
SGB1934	t__SGB1934	msp_0012
SGB1824	t__SGB1824	msp_0211
SGB1909	t__SGB1909	msp_1207
SGB1798	t__SGB1798	msp_0026
SGB1894	t__SGB1894	msp_0390
SGB1857	t__SGB1857	msp_0037
SGB1943	t__SGB1943	msp_0155
SGB1939	t__SGB1939	msp_0156:0.3107637409197769,msp_1814:0.6892362590802231
SGB1930	t__SGB1930	msp_0143
SGB1945	t__SGB1945	msp_0264
SGB1941	t__SGB1941	msp_0028
SGB1981	t__SGB1981	msp_1570
SGB1948	t__SGB1948	msp_0083
SGB1830	t__SGB1830	msp_0031
SGB1949	t__SGB1949	msp_0027
SGB1844	t__SGB1844	
SGB1871	t__SGB1871	msp_0007
SGB1964	t__SGB1964	msp_0702
SGB1963	t__SGB1963	msp_0139
SGB1958	t__SGB1958	msp_1878
SGB1862	t__SGB1862	msp_0022
SGB1792	t__SGB1792	msp_0216
SGB1829	t__SGB1829	msp_0036
SGB1965	t__SGB1965	msp_0059
SGB1836	t__SGB1836	msp_0046
SGB1861	t__SGB1861	msp_0011
SGB1977	t__SGB1977	msp_1361
SGB1962	t__SGB1962	msp_0198
SGB1991	t__SGB1991	msp_1158
SGB1812	t__SGB1812	msp_0040
SGB1957	t__SGB1957	msp_0412
SGB1967	t__SGB1967	msp_0310
SGB1848	t__SGB1848	msp_1737
SGB2021	t__SGB2021	msp_0511
SGB2071	t__SGB2071	msp_0199
SGB2069	t__SGB2069	msp_1830
SGB2085	t__SGB2085	msp_0593
SGB2091	t__SGB2091	msp_0710
SGB2073	t__SGB2073	msp_0525:0.7419535430384712,msp_2011:0.2580464569615288
SGB2094	t__SGB2094	msp_0680c
SGB2136	t__SGB2136	msp_1052
SGB2121	t__SGB2121	msp_0611
SGB2135	t__SGB2135	msp_0753
SGB2133	t__SGB2133	msp_0786
SGB2181	t__SGB2181	msp_2134
SGB2166	t__SGB2166	msp_1546
SGB2240	t__SGB2240	msp_0327
SGB2092	t__SGB2092	msp_0857
SGB2154	t__SGB2154	msp_0476
SGB2214	t__SGB2214	msp_1107
SGB2126	t__SGB2126	msp_0802
SGB2111	t__SGB2111	msp_0836
SGB2296	t__SGB2296	msp_0381
SGB2103	t__SGB2103	msp_1984
SGB2212	t__SGB2212	msp_1273:0.36956850840171546,msp_2023:0.6304314915982846
SGB2215	t__SGB2215	msp_0991
SGB2164	t__SGB2164	msp_1546
SGB2304	t__SGB2304	msp_0537
SGB2173	t__SGB2173	msp_0628
SGB2303	t__SGB2303	msp_0032
SGB2299	t__SGB2299	msp_0429
SGB2076	t__SGB2076	msp_0608
SGB2289	t__SGB2289	msp_1859
SGB2239	t__SGB2239	msp_0416
SGB2241	t__SGB2241	msp_0508
SGB2278	t__SGB2278	msp_0951
SGB2279	t__SGB2279	msp_0764
SGB2227	t__SGB2227	msp_0304
SGB2312	t__SGB2312	msp_0417
SGB2155	t__SGB2155	msp_0888
SGB2286	t__SGB2286	msp_0230
SGB2237	t__SGB2237	msp_0987
SGB2290	t__SGB2290	msp_0225
SGB2238	t__SGB2238	msp_0261
SGB2301	t__SGB2301	msp_0089
SGB2311	t__SGB2311	msp_0335
SGB2229	t__SGB2229	msp_1474
SGB2298	t__SGB2298	msp_0439:0.23354300158185487,msp_0637:0.5333829586868561,msp_1241:0.23307403973128885
SGB2276	t__SGB2276	msp_0847
SGB2275	t__SGB2275	msp_0635
SGB2318	t__SGB2318	msp_0090
SGB2321	t__SGB2321	msp_0636
SGB2230	t__SGB2230	msp_0064
SGB2287	t__SGB2287	msp_1841
SGB2328	t__SGB2328	msp_0287
SGB2323	t__SGB2323	msp_0815
SGB2325	t__SGB2325	msp_0318
SGB2295	t__SGB2295	msp_0196
SGB2326	t__SGB2326	msp_0324
SGB2313	t__SGB2313	msp_0214
SGB3574	t__SGB3574	msp_0908:0.6436636285645222,msp_1539:0.3563363714354779
SGB3683	t__SGB3683	msp_1276:0.7487392665523244,msp_1526:0.2512607334476756
SGB3573	t__SGB3573	msp_1094
SGB3677	t__SGB3677	msp_0656
SGB3940	t__SGB3940	msp_0776
SGB3957	t__SGB3957	msp_1291
SGB3926	t__SGB3926	msp_1293
SGB3952	t__SGB3952	msp_0665
SGB3989	t__SGB3989	msp_0773
SGB3961	t__SGB3961	msp_0851
SGB3990	t__SGB3990	msp_1053
SGB3991	t__SGB3991	msp_0707
SGB3970	t__SGB3970	msp_0104
SGB3977	t__SGB3977	msp_1259c
SGB3992	t__SGB3992	msp_0472
SGB3994	t__SGB3994	msp_1415
SGB3983	t__SGB3983	msp_0392
SGB4026	t__SGB4026	msp_1299
SGB3996	t__SGB3996	msp_0315
SGB3993	t__SGB3993	msp_0793
SGB4041	t__SGB4041	msp_0334
SGB4035	t__SGB4035	msp_0852
SGB4042	t__SGB4042	msp_0479
SGB4040	t__SGB4040	msp_0231
SGB4029	t__SGB4029	msp_0500
SGB4133	t__SGB4133	msp_0629
SGB4174	t__SGB4174	msp_0445
SGB4044	t__SGB4044	msp_1362
SGB4173	t__SGB4173	msp_0434
SGB4027	t__SGB4027	msp_0949
SGB4183	t__SGB4183	msp_1575
SGB4045	t__SGB4045	msp_1590c
SGB4191	t__SGB4191	msp_0047
SGB4181	t__SGB4181	msp_0210
SGB4184	t__SGB4184	msp_0286
SGB4121	t__SGB4121	msp_1279
SGB4208	t__SGB4208	msp_0752
SGB4031	t__SGB4031	msp_1264c
SGB4212	t__SGB4212	msp_0451
SGB4166	t__SGB4166	msp_0735
SGB4141	t__SGB4141	msp_0683
SGB4172	t__SGB4172	msp_2140
SGB4046	t__SGB4046	msp_1556
SGB4158	t__SGB4158	msp_0644
SGB4193	t__SGB4193	msp_0427
SGB4155	t__SGB4155	msp_1022
SGB4241	t__SGB4241	msp_0606
SGB4146	t__SGB4146	msp_1817
SGB4262	t__SGB4262	msp_0013
SGB4247	t__SGB4247	msp_0127
SGB4036	t__SGB4036	msp_0278
SGB4153	t__SGB4153	msp_1061c
SGB4194	t__SGB4194	msp_0444
SGB4260	t__SGB4260	msp_0481
SGB4175	t__SGB4175	msp_0921
SGB4280	t__SGB4280	msp_0290
SGB4269	t__SGB4269	msp_0468
SGB4303	t__SGB4303	msp_0285
SGB4274	t__SGB4274	msp_0839
SGB4312	t__SGB4312	msp_0762
SGB4328	t__SGB4328	msp_0709
SGB4314	t__SGB4314	msp_1002
SGB4272	t__SGB4272	msp_0529
SGB4317	t__SGB4317	msp_0569
SGB4325	t__SGB4325	msp_1216
SGB4372	t__SGB4372	msp_0708
SGB4394	t__SGB4394	msp_0959
SGB4348	t__SGB4348	msp_0271
SGB4335	t__SGB4335	msp_0835
SGB4395	t__SGB4395	msp_0716
SGB4373	t__SGB4373	msp_0498
SGB4316	t__SGB4316	msp_0962
SGB4364	t__SGB4364	msp_0343
SGB4367	t__SGB4367	msp_0105
SGB4385	t__SGB4385	msp_2009
SGB4333	t__SGB4333	msp_1267
SGB4365	t__SGB4365	msp_0322
SGB4418	t__SGB4418	msp_0367
SGB4421	t__SGB4421	msp_0325
SGB4422	t__SGB4422	msp_0262
SGB4406	t__SGB4406	msp_0891
SGB4393	t__SGB4393	msp_0904
SGB4420	t__SGB4420	msp_0282
SGB4327	t__SGB4327	msp_0277
SGB4368	t__SGB4368	msp_0784
SGB4447	t__SGB4447	msp_0431
SGB4549	t__SGB4549	msp_0868
SGB4419	t__SGB4419	msp_0717
SGB4482	t__SGB4482	msp_1788
SGB4532	t__SGB4532	msp_0050
SGB4571	t__SGB4571	msp_0604
SGB4553	t__SGB4553	msp_0581
SGB4557	t__SGB4557	msp_0250
SGB4546	t__SGB4546	msp_0674
SGB4572	t__SGB4572	msp_0706
SGB4581	t__SGB4581	msp_0307
SGB4537	t__SGB4537	msp_0337
SGB4575	t__SGB4575	msp_0506
SGB4529	t__SGB4529	msp_0200
SGB4583	t__SGB4583	msp_0111
SGB4613	t__SGB4613	msp_1684
SGB4586	t__SGB4586	msp_1891
SGB4607	t__SGB4607	msp_1202
SGB4638	t__SGB4638	msp_0688
SGB4615	t__SGB4615	msp_1747
SGB4617	t__SGB4617	msp_0274
SGB4655	t__SGB4655	msp_0247
SGB4628	t__SGB4628	msp_0524
SGB4629	t__SGB4629	msp_1491
SGB4619	t__SGB4619	msp_1250
SGB4648	t__SGB4648	msp_0238
SGB4552	t__SGB4552	msp_0655
SGB4608	t__SGB4608	msp_0126
SGB4624	t__SGB4624	msp_1084
SGB4606	t__SGB4606	msp_0510
SGB4657	t__SGB4657	msp_1020
SGB4588	t__SGB4588	msp_0246
SGB4670	t__SGB4670	msp_0986
SGB4643	t__SGB4643	msp_0463
SGB4584	t__SGB4584	msp_0058
SGB4652	t__SGB4652	msp_0194
SGB4644	t__SGB4644	msp_0093
SGB4654	t__SGB4654	msp_0207
SGB4675	t__SGB4675	msp_0745
SGB4659	t__SGB4659	msp_0175
SGB4658	t__SGB4658	msp_0243
SGB4669	t__SGB4669	msp_0945
SGB4664	t__SGB4664	msp_0305
SGB4677	t__SGB4677	msp_0112
SGB4672	t__SGB4672	msp_0550
SGB4699	t__SGB4699	msp_0086
SGB4632	t__SGB4632	msp_1525
SGB4626	t__SGB4626	msp_0379
SGB4691	t__SGB4691	msp_0181
SGB4746	t__SGB4746	msp_0254
SGB4703	t__SGB4703	msp_0186
SGB4706	t__SGB4706	msp_0820
SGB4651	t__SGB4651	msp_0542
SGB4671	t__SGB4671	msp_0292
SGB4701	t__SGB4701	msp_0308
SGB4718	t__SGB4718	msp_1562
SGB4741	t__SGB4741	msp_0044
SGB4705	t__SGB4705	msp_0346
SGB4712	t__SGB4712	msp_0780
SGB4727	t__SGB4727	msp_0647
SGB4751	t__SGB4751	msp_0693
SGB4709	t__SGB4709	msp_0705
SGB4714	t__SGB4714	msp_0906
SGB4711	t__SGB4711	msp_1236
SGB4749	t__SGB4749	msp_0079
SGB4722	t__SGB4722	msp_1048:0.2517089842017696,msp_1515:0.7482910157982303
SGB4742	t__SGB4742	msp_0024
SGB4724	t__SGB4724	
SGB4750	t__SGB4750	msp_0591
SGB4752	t__SGB4752	msp_0770
SGB4763	t__SGB4763	msp_0772
SGB4771	t__SGB4771	msp_1533
SGB4721	t__SGB4721	msp_0129
SGB4744	t__SGB4744	msp_0402
SGB4760	t__SGB4760	msp_0020
SGB4785	t__SGB4785	msp_0180
SGB4716	t__SGB4716	msp_0898
SGB4768	t__SGB4768	
SGB4747	t__SGB4747	msp_0233
SGB4809	t__SGB4809	msp_0489
SGB4762	t__SGB4762	msp_0056
SGB4798	t__SGB4798	msp_0309
SGB4767	t__SGB4767	msp_0930
SGB4810	t__SGB4810	msp_0189:0.504253221682516,msp_0272:0.4957467783174839
SGB4805	t__SGB4805	msp_1403
SGB4761	t__SGB4761	msp_0713
SGB4816	t__SGB4816	msp_0244
SGB4791	t__SGB4791	msp_0182
SGB4825	t__SGB4825	msp_0756
SGB4770	t__SGB4770	msp_0473c
SGB4753	t__SGB4753	msp_0066
SGB4829	t__SGB4829	msp_1038
SGB4786	t__SGB4786	msp_0113:0.8010068471948075,msp_0180:0.19899315280519236
SGB4834	t__SGB4834	msp_0162
SGB4797	t__SGB4797	msp_0268
SGB4779	t__SGB4779	msp_1608c
SGB4862	t__SGB4862	msp_0052
SGB4803	t__SGB4803	msp_0165
SGB4886	t__SGB4886	msp_0168
SGB4782	t__SGB4782	msp_1492
SGB4882	t__SGB4882	msp_0074
SGB4881	t__SGB4881	msp_0371
SGB4874	t__SGB4874	msp_0154
SGB4867	t__SGB4867	msp_0733
SGB4820	t__SGB4820	msp_0208
SGB4870	t__SGB4870	msp_0625
SGB4826	t__SGB4826	msp_0141
SGB4868	t__SGB4868	msp_0142
SGB4900	t__SGB4900	msp_0273
SGB4950	t__SGB4950	msp_0094
SGB4938	t__SGB4938	msp_0057
SGB4893	t__SGB4893	msp_0373
SGB4891	t__SGB4891	msp_0330
SGB4965	t__SGB4965	msp_0321
SGB4905	t__SGB4905	msp_0561
SGB4910	t__SGB4910	msp_0055
SGB5043	t__SGB5043	msp_0378
SGB4892	t__SGB4892	
SGB4993	t__SGB4993	msp_0125
SGB4930	t__SGB4930	msp_0533
SGB4959	t__SGB4959	msp_0299
SGB4948	t__SGB4948	msp_0539
SGB4914	t__SGB4914	msp_0075
SGB5057	t__SGB5057	msp_0863
SGB4989	t__SGB4989	msp_0085
SGB4958	t__SGB4958	msp_1120
SGB4987	t__SGB4987	msp_0018
SGB5042	t__SGB5042	msp_0630
SGB4957	t__SGB4957	msp_0576
SGB4951	t__SGB4951	msp_0017
SGB4937	t__SGB4937	msp_0459
SGB4964	t__SGB4964	msp_0296
SGB4994	t__SGB4994	msp_0816c
SGB5050	t__SGB5050	msp_0892
SGB5063	t__SGB5063	msp_0387
SGB5061	t__SGB5061	msp_0433
SGB4894	t__SGB4894	msp_0060
SGB4936	t__SGB4936	msp_0071
SGB4909	t__SGB4909	msp_0480
SGB5062	t__SGB5062	msp_0077
SGB5071	t__SGB5071	msp_0548
SGB4925	t__SGB4925	msp_0015
SGB5051	t__SGB5051	msp_0551
SGB5060	t__SGB5060	msp_1270
SGB4995	t__SGB4995	msp_1149
SGB5099	t__SGB5099	msp_0582
SGB5068	t__SGB5068	msp_0376
SGB5065	t__SGB5065	msp_0206
SGB4953	t__SGB4953	msp_0237
SGB5086	t__SGB5086	msp_1831
SGB5089	t__SGB5089	msp_0048
SGB5087	t__SGB5087	msp_0227
SGB5111	t__SGB5111	msp_0039
SGB4940	t__SGB4940	msp_0072
SGB4906	t__SGB4906	msp_0397
SGB5072	t__SGB5072	msp_0496
SGB5076	t__SGB5076	msp_0158
SGB5104	t__SGB5104	msp_0499
SGB5077	t__SGB5077	msp_0161
SGB5058	t__SGB5058	msp_0493
SGB5121	t__SGB5121	msp_0133:0.4553029705474792,msp_0223:0.5446970294525207
SGB5090	t__SGB5090	msp_0572
SGB4960	t__SGB4960	msp_0464
SGB5115	t__SGB5115	msp_0668
SGB5193	t__SGB5193	msp_0204:0.01517512919366746,msp_0242:0.9848248708063326
SGB5066	t__SGB5066	msp_0294
SGB5184	t__SGB5184	msp_0740
SGB5118	t__SGB5118	msp_0179
SGB5045	t__SGB5045	msp_0236
SGB5190	t__SGB5190	msp_0258
SGB5200	t__SGB5200	msp_1541
SGB5239	t__SGB5239	msp_0825
SGB5183	t__SGB5183	msp_0887
SGB5234	t__SGB5234	msp_0995
SGB5273	t__SGB5273	msp_0446c
SGB5182	t__SGB5182	msp_0848
SGB4921	t__SGB4921	msp_0441
SGB5117	t__SGB5117	msp_0042
SGB5743	t__SGB5743	msp_0696
SGB5742	t__SGB5742	msp_0488
SGB5740	t__SGB5740	msp_0649
SGB5728	t__SGB5728	msp_1024
SGB5744	t__SGB5744	msp_0744
SGB5792	t__SGB5792	msp_0131
SGB5803	t__SGB5803	msp_0215
SGB5818	t__SGB5818	msp_0383
SGB5790	t__SGB5790	msp_0413
SGB5832	t__SGB5832	msp_0926
SGB5731	t__SGB5731	msp_0869
SGB5843	t__SGB5843	msp_1114
SGB5842	t__SGB5842	msp_1193
SGB5820	t__SGB5820	msp_1153
SGB5785	t__SGB5785	msp_0594
SGB5800	t__SGB5800	msp_1064
SGB5851	t__SGB5851	msp_0406
SGB5852	t__SGB5852	msp_0366:0.28871357783283846,msp_0659:0.7112864221671615
SGB5736	t__SGB5736	msp_0221
SGB5822	t__SGB5822	msp_0834
SGB5869	t__SGB5869	msp_1040c
SGB5722	t__SGB5722	msp_1167
SGB5858	t__SGB5858	msp_0197
SGB5862	t__SGB5862	msp_0501
SGB5825	t__SGB5825	msp_0212
SGB5854	t__SGB5854	msp_0700
SGB5868	t__SGB5868	msp_1325
SGB5989	t__SGB5989	msp_1783
SGB6001	t__SGB6001	
SGB5870	t__SGB5870	msp_1034
SGB5904	t__SGB5904	msp_0359
SGB6011	t__SGB6011	msp_0610
SGB5857	t__SGB5857	msp_1365
SGB5910	t__SGB5910	msp_0714c:0.6607476618541603,msp_0994:0.3392523381458396
SGB6007	t__SGB6007	msp_0610
SGB5985	t__SGB5985	msp_1081
SGB5967	t__SGB5967	msp_0395
SGB6031	t__SGB6031	msp_0338
SGB6038	t__SGB6038	msp_0289
SGB6035	t__SGB6035	msp_0580
SGB6077	t__SGB6077	msp_1679
SGB6172	t__SGB6172	msp_1567
SGB6176	t__SGB6176	msp_1601
SGB6139	t__SGB6139	msp_0860
SGB6179	t__SGB6179	msp_0454
SGB6140	t__SGB6140	msp_0621
SGB6188	t__SGB6188	msp_0323
SGB6148	t__SGB6148	msp_0422
SGB6187	t__SGB6187	msp_0347
SGB6174	t__SGB6174	msp_0760
SGB6169	t__SGB6169	msp_1772c
SGB6191	t__SGB6191	msp_0792
SGB6178	t__SGB6178	msp_0362
SGB6180	t__SGB6180	msp_1351
SGB6170	t__SGB6170	msp_0329
SGB6184	t__SGB6184	msp_0515
SGB6308	t__SGB6308	msp_0685
SGB6310	t__SGB6310	msp_1005
SGB6307	t__SGB6307	msp_1134
SGB6312	t__SGB6312	msp_0872
SGB6271	t__SGB6271	msp_1054
SGB6305	t__SGB6305	msp_1033
SGB6301	t__SGB6301	msp_1376
SGB6267	t__SGB6267	msp_1135
SGB6290	t__SGB6290	msp_1175
SGB6249	t__SGB6249	msp_1408
SGB6317	t__SGB6317	msp_0222
SGB6302	t__SGB6302	msp_1261
SGB6329	t__SGB6329	msp_0964
SGB6285	t__SGB6285	msp_1260
SGB6288	t__SGB6288	msp_1348
SGB6331	t__SGB6331	msp_1454
SGB6330	t__SGB6330	msp_1129
SGB6293	t__SGB6293	msp_0645
SGB6338	t__SGB6338	msp_0961
SGB6349	t__SGB6349	msp_1430
SGB6313	t__SGB6313	msp_1206
SGB6340	t__SGB6340	msp_0578
SGB6334	t__SGB6334	msp_1343
SGB6353	t__SGB6353	msp_1435:0.6672718948719271,msp_1873:0.33272810512807294
SGB6273	t__SGB6273	msp_1253
SGB6276	t__SGB6276	msp_0546
SGB6291	t__SGB6291	msp_1288
SGB6346	t__SGB6346	msp_1037
SGB6347	t__SGB6347	msp_0757
SGB6289	t__SGB6289	msp_0993
SGB6367	t__SGB6367	msp_0947
SGB6365	t__SGB6365	msp_1198
SGB6376	t__SGB6376	msp_1093
SGB6371	t__SGB6371	msp_0856
SGB6378	t__SGB6378	msp_1185
SGB6392	t__SGB6392	msp_1103
SGB6391	t__SGB6391	msp_1113c
SGB6370	t__SGB6370	msp_1069
SGB6369	t__SGB6369	msp_1139
SGB6374	t__SGB6374	
SGB6359	t__SGB6359	msp_1413
SGB6445	t__SGB6445	msp_1285
SGB6411	t__SGB6411	msp_1233
SGB6385	t__SGB6385	msp_0907
SGB6463	t__SGB6463	msp_1303
SGB6473	t__SGB6473	msp_0818
SGB6358	t__SGB6358	msp_0845
SGB6442	t__SGB6442	msp_1380
SGB6452	t__SGB6452	msp_1201
SGB6417	t__SGB6417	msp_1214
SGB6465	t__SGB6465	msp_1043
SGB6428	t__SGB6428	msp_1252:0.4292467346254411,msp_1275:0.5707532653745587
SGB6420	t__SGB6420	msp_1313
SGB6438	t__SGB6438	msp_0779
SGB6422	t__SGB6422	
SGB6362	t__SGB6362	msp_0586
SGB6506	t__SGB6506	msp_0985
SGB6491	t__SGB6491	msp_1333
SGB6476	t__SGB6476	msp_1414
SGB6462	t__SGB6462	msp_1424
SGB6484	t__SGB6484	msp_1204
SGB6486	t__SGB6486	msp_1027
SGB6499	t__SGB6499	msp_1162
SGB6493	t__SGB6493	msp_1068
SGB6487	t__SGB6487	msp_1138
SGB6460	t__SGB6460	msp_1211
SGB6478	t__SGB6478	msp_0512
SGB6503	t__SGB6503	msp_1047
SGB6458	t__SGB6458	msp_1243
SGB6447	t__SGB6447	msp_1290
SGB6510	t__SGB6510	msp_1066
SGB6449	t__SGB6449	msp_1455
SGB6526	t__SGB6526	msp_1160
SGB6444	t__SGB6444	msp_1306c
SGB6502	t__SGB6502	msp_0748
SGB6528	t__SGB6528	msp_1518
SGB6517	t__SGB6517	msp_1425
SGB6440	t__SGB6440	msp_1328
SGB6498	t__SGB6498	msp_1170
SGB6320	t__SGB6320	msp_1374
SGB6522	t__SGB6522	msp_1122
SGB6513	t__SGB6513	msp_1110
SGB6529	t__SGB6529	msp_1231
SGB6509	t__SGB6509	msp_1322
SGB6540	t__SGB6540	msp_1049
SGB6472	t__SGB6472	msp_1180
SGB6564	t__SGB6564	msp_1101
SGB6533	t__SGB6533	msp_1042
SGB6524	t__SGB6524	msp_1307
SGB6570	t__SGB6570	msp_1008
SGB6579	t__SGB6579	msp_0821
SGB6571	t__SGB6571	msp_0811
SGB6601	t__SGB6601	msp_0955
SGB6583	t__SGB6583	msp_1661
SGB6607	t__SGB6607	msp_0886
SGB6518	t__SGB6518	msp_1112
SGB6606	t__SGB6606	msp_1225:0.4357544856547624,msp_1258:0.5642455143452376
SGB6602	t__SGB6602	msp_0808
SGB6604	t__SGB6604	msp_1071
SGB6566	t__SGB6566	msp_1367
SGB6578	t__SGB6578	msp_1929
SGB6584	t__SGB6584	msp_0527
SGB6550	t__SGB6550	msp_1304
SGB6697	t__SGB6697	msp_1168
SGB6548	t__SGB6548	msp_1141
SGB6609	t__SGB6609	msp_1389
SGB6580	t__SGB6580	msp_1007
SGB6661	t__SGB6661	msp_1336
SGB6705	t__SGB6705	msp_1057c
SGB6653	t__SGB6653	msp_1234
SGB6716	t__SGB6716	msp_1457
SGB6648	t__SGB6648	msp_1245
SGB6750	t__SGB6750	msp_0623
SGB6747	t__SGB6747	msp_0883
SGB6816	t__SGB6816	msp_0981
SGB6768	t__SGB6768	msp_0828
SGB6790	t__SGB6790	msp_0698
SGB6728	t__SGB6728	msp_1571c
SGB6754	t__SGB6754	msp_0188
SGB6771	t__SGB6771	msp_0132
SGB6765	t__SGB6765	msp_1647
SGB6817	t__SGB6817	msp_0938
SGB6846	t__SGB6846	msp_0671
SGB6935	t__SGB6935	msp_1329
SGB6744	t__SGB6744	msp_0153
SGB6847	t__SGB6847	msp_1308
SGB6796	t__SGB6796	msp_0160
SGB6970	t__SGB6970	msp_1822
SGB6973	t__SGB6973	msp_1613
SGB6836	t__SGB6836	msp_0837
SGB6939	t__SGB6939	msp_0313
SGB6791	t__SGB6791	msp_0831
SGB6961	t__SGB6961	msp_0119
SGB7020	t__SGB7020	msp_1287
SGB7044	t__SGB7044	msp_1268
SGB7050	t__SGB7050	msp_0691
SGB7045	t__SGB7045	msp_1196
SGB7038	t__SGB7038	msp_0925
SGB7061	t__SGB7061	msp_0333
SGB7098	t__SGB7098	msp_1222
SGB7082	t__SGB7082	msp_0712
SGB7114	t__SGB7114	msp_0600c
SGB7142	t__SGB7142	msp_1089
SGB7106	t__SGB7106	msp_1006
SGB7298	t__SGB7298	msp_0974c
SGB7126	t__SGB7126	msp_0890c
SGB7967	t__SGB7967	msp_0403
SGB7962	t__SGB7962	msp_0497
SGB7115	t__SGB7115	msp_0843
SGB7985	t__SGB7985	msp_0486
SGB8002	t__SGB8002	msp_0833
SGB8000	t__SGB8000	msp_1477
SGB8053	t__SGB8053	msp_1748
SGB8007	t__SGB8007	msp_0380
SGB8018	t__SGB8018	msp_0832
SGB8021	t__SGB8021	msp_0983
SGB8047	t__SGB8047	msp_0146c
SGB8597	t__SGB8597	msp_0620
SGB8595	t__SGB8595	msp_1154
SGB8609	t__SGB8609	msp_1849
SGB8620	t__SGB8620	msp_0328
SGB8630	t__SGB8630	msp_0782
SGB8634	t__SGB8634	msp_0564
SGB8637	t__SGB8637	msp_0909
SGB8631	t__SGB8631	msp_0824
SGB8601	t__SGB8601	msp_0130
SGB8624	t__SGB8624	msp_0775
SGB8599	t__SGB8599	msp_0455
SGB8651	t__SGB8651	msp_1745
SGB8653	t__SGB8653	msp_0897
SGB8636	t__SGB8636	msp_1390
SGB8640	t__SGB8640	msp_0819
SGB8644	t__SGB8644	msp_1835
SGB8655	t__SGB8655	msp_0838
SGB8625	t__SGB8625	msp_0660
SGB8772	t__SGB8772	msp_1690
SGB8769	t__SGB8769	msp_0672
SGB8774	t__SGB8774	msp_1829
SGB8767	t__SGB8767	msp_0465
SGB8779	t__SGB8779	msp_0503
SGB9198	t__SGB9198	msp_0516
SGB9199	t__SGB9199	msp_0255
SGB9205	t__SGB9205	msp_0038
SGB9209	t__SGB9209	msp_1079
SGB9208	t__SGB9208	msp_0116:0.6135510213141505,msp_1978:0.3864489786858494
SGB9223	t__SGB9223	msp_0411
SGB9202	t__SGB9202	msp_0159
SGB9224	t__SGB9224	msp_0201
SGB9221	t__SGB9221	msp_1986
SGB9242	t__SGB9242	msp_1116
SGB9203	t__SGB9203	msp_0073
SGB9212	t__SGB9212	msp_0099
SGB9243	t__SGB9243	msp_1031
SGB9245	t__SGB9245	msp_0967
SGB9226	t__SGB9226	msp_0025
SGB9278	t__SGB9278	msp_2127
SGB9247	t__SGB9247	msp_0675
SGB9228	t__SGB9228	msp_0070
SGB9274	t__SGB9274	msp_0617
SGB9286	t__SGB9286	msp_0280
SGB9277	t__SGB9277	msp_0937
SGB9290	t__SGB9290	msp_0749
SGB9269	t__SGB9269	msp_0768
SGB9283	t__SGB9283	msp_0092
SGB9260	t__SGB9260	msp_0202
SGB9281	t__SGB9281	msp_0288
SGB9280	t__SGB9280	msp_0386
SGB9272	t__SGB9272	msp_0239
SGB9273	t__SGB9273	msp_0414
SGB9323	t__SGB9323	msp_2195
SGB9344	t__SGB9344	msp_0795
SGB9346	t__SGB9346	msp_0170
SGB9340	t__SGB9340	msp_0220
SGB9275	t__SGB9275	msp_0724
SGB9333	t__SGB9333	msp_0183
SGB9345	t__SGB9345	msp_0830
SGB9347	t__SGB9347	msp_0375
SGB9387	t__SGB9387	msp_1019
SGB9392	t__SGB9392	msp_1631
SGB9656	t__SGB9656	msp_1476
SGB9992	t__SGB9992	msp_0228
SGB10079	t__SGB10079	msp_1432
SGB10028	t__SGB10028	msp_0100
SGB10119	t__SGB10119	msp_0633
SGB10124	t__SGB10124	msp_1754
SGB10116	t__SGB10116	msp_0157
SGB10120	t__SGB10120	
SGB10068	t__SGB10068	msp_0005
SGB10118	t__SGB10118	msp_0140
SGB10115	t__SGB10115	msp_0030:0.5097976944036946,msp_0241:0.4902023055963055
SGB12676	t__SGB12676	msp_1205
SGB13957	t__SGB13957	msp_1295
SGB13975	t__SGB13975	msp_1458
SGB13976	t__SGB13976	msp_0854
SGB13959	t__SGB13959	msp_1164
SGB13950	t__SGB13950	msp_1286
SGB13952	t__SGB13952	msp_1146
SGB13977	t__SGB13977	msp_0787
SGB13983	t__SGB13983	msp_0430
SGB13999	t__SGB13999	msp_1266
SGB13981	t__SGB13981	msp_0449
SGB13990	t__SGB13990	msp_1218
SGB13994	t__SGB13994	msp_1760
SGB14004	t__SGB14004	msp_1246
SGB13997	t__SGB13997	msp_1166
SGB13979	t__SGB13979	msp_0804
SGB14022	t__SGB14022	msp_0960
SGB14020	t__SGB14020	msp_0982
SGB14005	t__SGB14005	msp_0730
SGB14011	t__SGB14011	msp_1115
SGB14007	t__SGB14007	msp_0928
SGB14025	t__SGB14025	msp_0941
SGB13947	t__SGB13947	msp_1102
SGB14023	t__SGB14023	msp_1074
SGB13982	t__SGB13982	msp_0353
SGB14027	t__SGB14027	msp_0432
SGB14099	t__SGB14099	msp_1067
SGB14085	t__SGB14085	msp_1502
SGB14111	t__SGB14111	msp_1192
SGB14043	t__SGB14043	msp_1200
SGB14042	t__SGB14042	msp_0728
SGB14136	t__SGB14136	msp_0703
SGB14110	t__SGB14110	msp_0798
SGB14137	t__SGB14137	msp_0719
SGB14185	t__SGB14185	msp_0807
SGB14139	t__SGB14139	msp_0871
SGB14075	t__SGB14075	msp_1448
SGB14150	t__SGB14150	msp_0421:0.7778761089342645,msp_0657:0.2221238910657355
SGB14177	t__SGB14177	msp_0619
SGB14151	t__SGB14151	msp_0372
SGB14193	t__SGB14193	msp_0676
SGB14208	t__SGB14208	msp_0540
SGB14198	t__SGB14198	msp_1483
SGB14182	t__SGB14182	msp_0699
SGB14209	t__SGB14209	msp_0521
SGB14142	t__SGB14142	msp_1300c
SGB14215	t__SGB14215	msp_0729
SGB14223	t__SGB14223	msp_0796
SGB14205	t__SGB14205	msp_0504
SGB14229	t__SGB14229	msp_0727
SGB14114	t__SGB14114	msp_0555
SGB14235	t__SGB14235	msp_0966
SGB14238	t__SGB14238	msp_1003
SGB14240	t__SGB14240	msp_0899
SGB14236	t__SGB14236	msp_1394
SGB14243	t__SGB14243	msp_0686
SGB14291	t__SGB14291	msp_0494
SGB14255	t__SGB14255	msp_1465
SGB14263	t__SGB14263	msp_0624
SGB14253	t__SGB14253	msp_0679
SGB14250	t__SGB14250	msp_0652
SGB14298	t__SGB14298	msp_1319
SGB14247	t__SGB14247	msp_0692
SGB14306	t__SGB14306	msp_0144
SGB14313	t__SGB14313	msp_0173
SGB14248	t__SGB14248	msp_0447
SGB14264	t__SGB14264	msp_0624:0.23382038839287542,msp_0771:0.7661796116071246
SGB14307	t__SGB14307	msp_0732
SGB14301	t__SGB14301	msp_0859
SGB14325	t__SGB14325	msp_0940
SGB14311	t__SGB14311	msp_0398
SGB14294	t__SGB14294	msp_0720
SGB14328	t__SGB14328	msp_1131
SGB14317	t__SGB14317	msp_0234
SGB14779	t__SGB14779	msp_1634
SGB14334	t__SGB14334	msp_0595
SGB14394	t__SGB14394	msp_1401c
SGB14379	t__SGB14379	msp_1227c:0.09604298467530786,msp_1596:0.9039570153246921
SGB14360	t__SGB14360	msp_0873
SGB14832	t__SGB14832	msp_1669
SGB14786	t__SGB14786	msp_1557
SGB14740	t__SGB14740	msp_0999
SGB14808	t__SGB14808	
SGB14380	t__SGB14380	msp_1227c
SGB14332	t__SGB14332	msp_1217
SGB14794	t__SGB14794	msp_1051
SGB14837	t__SGB14837	msp_1724
SGB14397	t__SGB14397	msp_0970
SGB14341	t__SGB14341	msp_0584
SGB14834	t__SGB14834	msp_1256
SGB14737	t__SGB14737	msp_0785
SGB14770	t__SGB14770	msp_0518
SGB14845	t__SGB14845	msp_1013
SGB14739	t__SGB14739	msp_1436
SGB14336	t__SGB14336	msp_1125
SGB14855	t__SGB14855	msp_2054
SGB14844	t__SGB14844	msp_0467
SGB14851	t__SGB14851	msp_1671c
SGB14389	t__SGB14389	msp_0662
SGB14749	t__SGB14749	msp_0562
SGB14862	t__SGB14862	msp_1443
SGB14874	t__SGB14874	msp_0147
SGB14853	t__SGB14853	msp_0340
SGB14803	t__SGB14803	msp_0638
SGB14861	t__SGB14861	msp_0291
SGB14809	t__SGB14809	msp_0573
SGB14924	t__SGB14924	msp_0270
SGB14906	t__SGB14906	msp_0462
SGB14895	t__SGB14895	msp_0370
SGB14894	t__SGB14894	msp_1356
SGB14912	t__SGB14912	msp_0203
SGB14922	t__SGB14922	msp_0631
SGB14948	t__SGB14948	msp_0957
SGB14974	t__SGB14974	msp_1674
SGB14963	t__SGB14963	msp_0522
SGB14947	t__SGB14947	msp_1460
SGB14937	t__SGB14937	msp_0249
SGB14980	t__SGB14980	msp_0450
SGB14987	t__SGB14987	msp_1017:0.12717756741676114,msp_1358:0.8728224325832389
SGB14954	t__SGB14954	msp_0526
SGB14991	t__SGB14991	msp_0650
SGB14985	t__SGB14985	msp_1070
SGB14923	t__SGB14923	msp_0384
SGB15002	t__SGB15002	msp_0704
SGB15004	t__SGB15004	msp_0689
SGB15049	t__SGB15049	msp_1143
SGB15012	t__SGB15012	msp_1342
SGB15051	t__SGB15051	msp_1062
SGB15041	t__SGB15041	msp_0931
SGB14990	t__SGB14990	msp_0650:0.12888043954763548,msp_1128:0.8711195604523645
SGB14909	t__SGB14909	msp_0357
SGB15015	t__SGB15015	msp_0597
SGB15019	t__SGB15019	msp_0269
SGB15068	t__SGB15068	msp_0505:0.12940835071256057,msp_1282:0.45460277428096385,msp_1312:0.15074449455764222,msp_1588:0.26524438044883336
SGB15081	t__SGB15081	msp_0874
SGB15099	t__SGB15099	msp_0822
SGB15045	t__SGB15045	msp_0552
SGB15109	t__SGB15109	msp_1626:0.8642717832323586,msp_1638:0.13572821676764132
SGB15108	t__SGB15108	msp_0240
SGB15072	t__SGB15072	msp_0391
SGB15087	t__SGB15087	msp_0615
SGB15120	t__SGB15120	msp_0509
SGB15089	t__SGB15089	msp_0477
SGB15031	t__SGB15031	msp_0312
SGB15086	t__SGB15086	msp_1665
SGB15022	t__SGB15022	msp_0643
SGB15084	t__SGB15084	msp_0682
SGB15035	t__SGB15035	msp_0867
SGB15149	t__SGB15149	msp_0385
SGB15097	t__SGB15097	msp_0605
SGB15085	t__SGB15085	msp_0932
SGB15124	t__SGB15124	msp_0861
SGB15093	t__SGB15093	msp_0534
SGB15091	t__SGB15091	msp_0121
SGB15121	t__SGB15121	msp_0425
SGB15132	t__SGB15132	msp_0213
SGB15158	t__SGB15158	msp_0634
SGB15090	t__SGB15090	msp_0352
SGB15075	t__SGB15075	msp_0423
SGB15143	t__SGB15143	msp_0977
SGB15127	t__SGB15127	msp_1012
SGB15131	t__SGB15131	msp_0442
SGB15179	t__SGB15179	msp_0311
SGB15145	t__SGB15145	msp_1323
SGB15209	t__SGB15209	msp_0759
SGB15201	t__SGB15201	msp_0317
SGB15164	t__SGB15164	msp_0471
SGB15204	t__SGB15204	msp_0541
SGB14995	t__SGB14995	msp_1381
SGB15126	t__SGB15126	msp_0364
SGB15078	t__SGB15078	msp_0331
SGB15172	t__SGB15172	msp_0734
SGB15196	t__SGB15196	msp_0461
SGB15216	t__SGB15216	msp_0356
SGB15103	t__SGB15103	msp_0747
SGB15107	t__SGB15107	msp_0192
SGB15244	t__SGB15244	msp_0452
SGB15140	t__SGB15140	msp_1584
SGB15272	t__SGB15272	msp_0565
SGB15095	t__SGB15095	msp_0612
SGB15125	t__SGB15125	msp_1519
SGB15271	t__SGB15271	msp_0172
SGB15225	t__SGB15225	msp_1302
SGB15180	t__SGB15180	msp_0106
SGB15218	t__SGB15218	msp_1550
SGB15280	t__SGB15280	msp_0350
SGB15224	t__SGB15224	msp_0723
SGB15236	t__SGB15236	msp_0596
SGB15203	t__SGB15203	msp_0303
SGB15213	t__SGB15213	msp_0761
SGB15275	t__SGB15275	msp_1548
SGB15210	t__SGB15210	msp_0536
SGB15273	t__SGB15273	msp_0632:0.500690804914421,msp_1188:0.499309195085579
SGB15154	t__SGB15154	msp_0478
SGB15257	t__SGB15257	msp_0965:0.6759530885486819,msp_0988:0.32404691145131825
SGB15286	t__SGB15286	msp_0124
SGB15295	t__SGB15295	msp_0418
SGB15238	t__SGB15238	msp_0361
SGB15313	t__SGB15313	msp_0690
SGB15249	t__SGB15249	msp_0777
SGB15309	t__SGB15309	msp_0953
SGB15299	t__SGB15299	msp_0407
SGB15322	t__SGB15322	msp_0399
SGB15239	t__SGB15239	msp_0453
SGB15234	t__SGB15234	msp_0205
SGB15291	t__SGB15291	msp_0456
SGB15300	t__SGB15300	msp_0374
SGB15317	t__SGB15317	msp_0457
SGB15370	t__SGB15370	msp_0979
SGB15278	t__SGB15278	msp_0583
SGB15373	t__SGB15373	msp_0622
SGB15323	t__SGB15323	msp_0345
SGB15385	t__SGB15385	msp_0553
SGB15346	t__SGB15346	msp_0484
SGB15211	t__SGB15211	msp_0487
SGB15377	t__SGB15377	msp_0298
SGB15260	t__SGB15260	msp_0917
SGB15368	t__SGB15368	msp_0034
SGB15403	t__SGB15403	msp_0560
SGB15350	t__SGB15350	msp_1349
SGB15395	t__SGB15395	msp_0613
SGB15447	t__SGB15447	msp_0369
SGB15106	t__SGB15106	msp_0306
SGB15374	t__SGB15374	msp_0592
SGB15390	t__SGB15390	msp_0314
SGB15408	t__SGB15408	msp_0218
SGB15342	t__SGB15342	msp_0389
SGB15452	t__SGB15452	msp_0110
SGB15233	t__SGB15233	msp_0404
SGB15254	t__SGB15254	msp_0763
SGB15470	t__SGB15470	msp_0295
SGB15471	t__SGB15471	msp_0295:0.3181169757489301,msp_1523:0.68188302425107
SGB15497	t__SGB15497	msp_0409
SGB15503	t__SGB15503	msp_0846
SGB15463	t__SGB15463	msp_1696c:0.6610667526415457,msp_2159:0.33893324735845437
SGB15506	t__SGB15506	msp_1714
SGB15507	t__SGB15507	msp_0279
SGB15460	t__SGB15460	msp_0226
SGB17234	t__SGB17234	msp_0570
SGB17241	t__SGB17241	msp_0910
SGB17231	t__SGB17231	msp_1155
SGB17248	t__SGB17248	msp_0166
SGB17264	t__SGB17264	msp_0878
SGB17256	t__SGB17256	msp_0419
SGB17244	t__SGB17244	msp_0263
SGB17237	t__SGB17237	msp_0138
SGB17247	t__SGB17247	msp_0627
SGB17364	t__SGB17364	msp_1075
SGB17347	t__SGB17347	msp_1001
SGB17278	t__SGB17278	msp_0916
SGB19694	t__SGB19694	msp_1281
SGB19429	t__SGB19429	msp_0963c
SGB20792	t__SGB20792	msp_1029
SGB19692	t__SGB19692	msp_1853
SGB25497	t__SGB25497	msp_0558
SGB25437	t__SGB25437	msp_1656
SGB27814	t__SGB27814	msp_1344c
SGB47307	t__SGB47307	msp_1179
SGB47298	t__SGB47298	msp_1516
SGB47656	t__SGB47656	msp_1353
SGB53807	t__SGB53807	msp_0276:0.2913168758635835,msp_1572:0.7086831241364165
SGB47515	t__SGB47515	
SGB54318	t__SGB54318	msp_1687
