specie	UHGG_taxonomy
ext_mOTU_v3_26648	r1__Bacteria;p__Firmicutes_A;c__Clostridia;o__Clostridiales;f__Clostridiaceae;g__Clostridium_B;s__Clostridium_B sp902809985
ref_mOTU_v3_06738	r1__Bacteria;p__Proteobacteria;c__Gammaproteobacteria;o__Enterobacterales;f__Succinivibrionaceae;g__Anaerobiospirillum;s__Anaerobiospirillum succiniciproducens
ext_mOTU_v3_17579	r1__Bacteria;p__Cyanobacteria;c__Vampirovibrionia;o__Gastranaerophilales;f__Gastranaerophilaceae;g__UMGS1585;s__UMGS1585 sp900553205
ext_mOTU_v3_26755	r1__Bacteria;p__Firmicutes_A;c__Clostridia;o__Oscillospirales;f__Oscillospiraceae;g__CAG-110;s__CAG-110 sp900762005
ext_mOTU_v3_16149	r1__Bacteria;p__Proteobacteria;c__Gammaproteobacteria;o__Enterobacterales;f__Enterobacteriaceae;g__Rahnella;s__Rahnella variigena
ref_mOTU_v3_10126	r1__Bacteria;p__Firmicutes_A;c__Clostridia;o__Oscillospirales;f__Ruminococcaceae;g__Harryflintia;s__Harryflintia acetispora
ext_mOTU_v3_17320	r1__Bacteria;p__Firmicutes_A;c__Clostridia;o__Lachnospirales;f__Lachnospiraceae;g__Lachnoclostridium_A;s__Lachnoclostridium_A edouardi
ext_mOTU_v3_26844	r1__Bacteria;p__Firmicutes;c__Bacilli;o__Acholeplasmatales;f__Anaeroplasmataceae;g__Anaeroplasma;s__Anaeroplasma sp900770055
ext_mOTU_v3_18043	r1__Bacteria;p__Firmicutes_A;c__Clostridia;o__Tissierellales;f__Peptoniphilaceae;g__Anaerococcus;s__Anaerococcus nagyae
ext_mOTU_v3_18901	r1__Bacteria;p__Bacteroidota;c__Bacteroidia;o__Bacteroidales;f__Muribaculaceae;g__CAG-485;s__MGYG000003816
ref_mOTU_v3_00800	r1__Bacteria;p__Actinobacteriota;c__Actinomycetia;o__Propionibacteriales;f__Propionibacteriaceae;g__Cutibacterium;s__Cutibacterium acnes
ext_mOTU_v3_26260	r1__Bacteria;p__Bacteroidota;c__Bacteroidia;o__Bacteroidales;f__Bacteroidaceae;g__Prevotellamassilia;s__MGYG000000658
ref_mOTU_v3_02650	r1__Bacteria;p__Proteobacteria;c__Gammaproteobacteria;o__Pseudomonadales;f__Moraxellaceae;g__Acinetobacter;s__Acinetobacter mesopotamicus
ext_mOTU_v3_26783	r1__Bacteria;p__Proteobacteria;c__Gammaproteobacteria;o__Pseudomonadales;f__Pseudomonadaceae;g__Pseudomonas_R;s__Pseudomonas_R sp900766265
ref_mOTU_v3_10040	r1__Bacteria;p__Firmicutes_A;c__Clostridia_A;o__Christensenellales;f__Christensenellaceae;g__Christensenella;s__Christensenella timonensis
ext_mOTU_v3_26418	r1__Bacteria;p__Patescibacteria;c__Saccharimonadia;o__Saccharimonadales;f__Saccharimonadaceae;g__TM7x;s__TM7x sp900556355
ref_mOTU_v3_08516	r1__Bacteria;p__Firmicutes_A;c__Clostridia;o__Lachnospirales;f__Lachnospiraceae;g__Anaerocolumna;s__Anaerocolumna aminovalerica
ref_mOTU_v3_00340	r1__Bacteria;p__Firmicutes;c__Bacilli;o__Staphylococcales;f__Staphylococcaceae;g__Staphylococcus;s__Staphylococcus aureus
ext_mOTU_v3_26817	r1__Bacteria;p__Firmicutes_A;c__Clostridia;o__Oscillospirales;f__Ruminococcaceae;g__CAG-115;s__CAG-115 sp900768705
ext_mOTU_v3_17801	r1__Bacteria;p__Firmicutes_A;c__Clostridia_A;o__Christensenellales;f__CAG-138;g__PeH17;s__PeH17 sp900542285
ext_mOTU_v3_26259	r1__Bacteria;p__Proteobacteria;c__Gammaproteobacteria;o__Pseudomonadales;f__Pseudomonadaceae;g__Pseudomonas_E;s__Pseudomonas_E bubulae
ext_mOTU_v3_18233	r1__Bacteria;p__Spirochaetota;c__Spirochaetia;o__Treponematales;f__Treponemataceae;g__Treponema_D;s__Treponema_D sp900769975
ref_mOTU_v3_00930	r1__Bacteria;p__Firmicutes;c__Bacilli;o__Lactobacillales;f__Lactobacillaceae;g__Lactiplantibacillus;s__Lactiplantibacillus plantarum
ext_mOTU_v3_26408	r1__Bacteria;p__Firmicutes_C;c__Negativicutes;o__Veillonellales;f__Veillonellaceae;g__F0422;s__F0422 sp900544365
ref_mOTU_v3_05138	r1__Bacteria;p__Firmicutes_A;c__Clostridia;o__Oscillospirales;f__Ruminococcaceae;g__Massilimaliae;s__Massilimaliae timonensis
ext_mOTU_v3_26752	r1__Bacteria;p__Firmicutes_A;c__Clostridia_A;o__Christensenellales;f__CAG-552;g__HGM11386;s__HGM11386 sp900761915
ext_mOTU_v3_26904	r1__Bacteria;p__Actinobacteriota;c__Actinomycetia;o__Actinomycetales;f__Actinomycetaceae;g__Varibaculum;s__MGYG000003810
ext_mOTU_v3_26213	r1__Bacteria;p__Bacteroidota;c__Bacteroidia;o__Bacteroidales;f__UBA932;g__RC9;s__MGYG000000393
ref_mOTU_v3_01093	r1__Bacteria;p__Proteobacteria;c__Gammaproteobacteria;o__Enterobacterales;f__Enterobacteriaceae;g__Yersinia;s__Yersinia enterocolitica
ext_mOTU_v3_23721	r1__Bacteria;p__Bacteroidota;c__Bacteroidia;o__Bacteroidales;f__Bacteroidaceae;g__Prevotella;s__Prevotella sp900769275
ext_mOTU_v3_26968	r1__Bacteria;p__Firmicutes_A;c__Clostridia;o__HGM11514;f__HGM11514;g__MGYG000004133;s__MGYG000004133
ref_mOTU_v3_08006	r1__Bacteria;p__Bacteroidota;c__Bacteroidia;o__Bacteroidales;f__Bacteroidaceae;g__Bacteroides;s__Bacteroides neonati
ext_mOTU_v3_16232	r1__Bacteria;p__Firmicutes_A;c__Clostridia_A;o__Christensenellales;f__Christensenellaceae;g__UMGS743;s__UMGS743 sp900545085
ref_mOTU_v3_11785	r1__Bacteria;p__Bacteroidota;c__Bacteroidia;o__Bacteroidales;f__Bacteroidaceae;g__Prevotella;s__Prevotella multisaccharivorax
ref_mOTU_v3_03571	r1__Bacteria;p__Firmicutes_A;c__Clostridia;o__Tissierellales;f__Peptoniphilaceae;g__Finegoldia;s__Finegoldia magna_H
ext_mOTU_v3_18083	r1__Bacteria;p__Firmicutes;c__Bacilli;o__Acholeplasmatales;f__Anaeroplasmataceae;g__UMGS268;s__UMGS268 sp900540175
ref_mOTU_v3_00801	r1__Bacteria;p__Actinobacteriota;c__Actinomycetia;o__Mycobacteriales;f__Mycobacteriaceae;g__Corynebacterium;s__Corynebacterium kefirresidentii
ref_mOTU_v3_04289	r1__Bacteria;p__Firmicutes_A;c__Clostridia;o__Tissierellales;f__Peptoniphilaceae;g__Parvimonas;s__Parvimonas micra
meta_mOTU_v3_14511	r1__Bacteria;p__Firmicutes_A;c__Clostridia;o__Lachnospirales;f__Lachnospiraceae;g__CAG-56;s__CAG-56 sp900752065
ext_mOTU_v3_19477	r1__Bacteria;p__Firmicutes_C;c__Negativicutes;o__Veillonellales;f__Veillonellaceae;g__F0422;s__F0422 sp900766245
ext_mOTU_v3_18192	r1__Bacteria;p__Bacteroidota;c__Bacteroidia;o__Bacteroidales;f__Muribaculaceae;g__CAG-485;s__CAG-485 sp900766975
ext_mOTU_v3_17438	r1__Bacteria;p__Firmicutes_A;c__Clostridia;o__Oscillospirales;f__Ruminococcaceae;g__CAG-115;s__CAG-115 sp003516865
ref_mOTU_v3_11861	r1__Bacteria;p__Firmicutes_A;c__Clostridia;o__Lachnospirales;f__Lachnospiraceae;g__Hungatella_A;s__Hungatella_A hathewayi_A
ext_mOTU_v3_18258	r1__Bacteria;p__Bacteroidota;c__Bacteroidia;o__Bacteroidales;f__Porphyromonadaceae;g__Porphyromonas;s__MGYG000003754
meta_mOTU_v3_13691	r1__Bacteria;p__Firmicutes_A;c__Clostridia;o__Lachnospirales;f__Lachnospiraceae;g__Johnsonella;s__Johnsonella sp900766185
ext_mOTU_v3_27035	r1__Bacteria;p__Bacteroidota;c__Bacteroidia;o__Bacteroidales;f__Bacteroidaceae;g__Prevotella;s__MGYG000004495
ext_mOTU_v3_26267	r1__Bacteria;p__Proteobacteria;c__Gammaproteobacteria;o__Enterobacterales;f__Succinivibrionaceae;g__Succinivibrio;s__MGYG000000708
ext_mOTU_v3_17489	r1__Bacteria;p__Bacteroidota;c__Bacteroidia;o__Bacteroidales;f__Bacteroidaceae;g__Prevotella;s__Prevotella sp900553965
ext_mOTU_v3_26450	r1__Bacteria;p__Bacteroidota;c__Bacteroidia;o__Bacteroidales;f__Bacteroidaceae;g__Paraprevotella;s__Paraprevotella sp900760455
ext_mOTU_v3_16194	r1__Bacteria;p__Verrucomicrobiota;c__Verrucomicrobiae;o__Opitutales;f__CAG-312;g__CAG-312;s__MGYG000003846
ref_mOTU_v3_11611	r1__Bacteria;p__Firmicutes_A;c__Clostridia_A;o__Christensenellales;f__GCA-900066905;g__GCA-900066905;s__GCA-900066905 sp900066905
ext_mOTU_v3_26547	r1__Bacteria;p__Proteobacteria;c__Gammaproteobacteria;o__Enterobacterales;f__Enterobacteriaceae;g__Leminorella;s__Leminorella richardii
ref_mOTU_v3_07071	r1__Bacteria;p__Firmicutes_A;c__Clostridia;o__Tissierellales;f__Sporanaerobacteraceae;g__Sporanaerobacter;s__Sporanaerobacter acetigenes
ref_mOTU_v3_10478	r1__Bacteria;p__Proteobacteria;c__Gammaproteobacteria;o__Enterobacterales;f__Enterobacteriaceae;g__Chimaeribacter;s__Chimaeribacter arupi
ref_mOTU_v3_06056	r1__Bacteria;p__Actinobacteriota;c__Actinomycetia;o__Actinomycetales;f__Actinomycetaceae;g__Actinobaculum;s__Actinobaculum massiliense
ref_mOTU_v3_07706	r1__Bacteria;p__Firmicutes_A;c__Clostridia;o__Oscillospirales;f__Acutalibacteraceae;g__CAG-177;s__CAG-177 sp003514385
ext_mOTU_v3_16285	r1__Bacteria;p__Firmicutes_A;c__Clostridia;o__Oscillospirales;f__Acutalibacteraceae;g__Hydrogeniiclostridium;s__Hydrogeniiclostridium mannosilyticum
ref_mOTU_v3_01089	r1__Bacteria;p__Proteobacteria;c__Gammaproteobacteria;o__Enterobacterales;f__Enterobacteriaceae;g__Yersinia;s__Yersinia intermedia
ref_mOTU_v3_03608	r1__Bacteria;p__Firmicutes_A;c__Clostridia;o__Lachnospirales;f__Lachnospiraceae;g__TF01-11;s__TF01-11 sp001916135
ext_mOTU_v3_18228	r1__Bacteria;p__Bacteroidota;c__Bacteroidia;o__Bacteroidales;f__Bacteroidaceae;g__Prevotella;s__Prevotella sp004556065
ext_mOTU_v3_16182	r1__Bacteria;p__Actinobacteriota;c__Actinomycetia;o__Actinomycetales;f__Actinomycetaceae;g__Mobiluncus;s__MGYG000003800
ext_mOTU_v3_26475	r1__Bacteria;p__Firmicutes_A;c__Clostridia_A;o__Christensenellales;f__Borkfalkiaceae;g__UBA11940;s__MGYG000001854
ext_mOTU_v3_23585	r1__Bacteria;p__Patescibacteria;c__Saccharimonadia;o__Saccharimonadales;f__Saccharimonadaceae;g__UBA2834;s__UBA2834 sp004561445
meta_mOTU_v3_12605	r1__Bacteria;p__Firmicutes_A;c__Clostridia;o__Lachnospirales;f__Lachnospiraceae;g__Stomatobaculum;s__MGYG000002052
ext_mOTU_v3_26900	r1__Bacteria;p__Actinobacteriota;c__Actinomycetia;o__Mycobacteriales;f__Mycobacteriaceae;g__Corynebacterium;s__MGYG000003806
ref_mOTU_v3_00329	r1__Bacteria;p__Firmicutes;c__Bacilli;o__Bacillales;f__Bacillaceae_G;g__Bacillus_A;s__Bacillus_A thuringiensis_S
ref_mOTU_v3_02399	r1__Bacteria;p__Bacteroidota;c__Bacteroidia;o__Bacteroidales;f__Bacteroidaceae;g__Prevotella;s__Prevotella oris
ext_mOTU_v3_17961	r1__Bacteria;p__Bacteroidota;c__Bacteroidia;o__Bacteroidales;f__Bacteroidaceae;g__Prevotella;s__Prevotella sp002480935
ref_mOTU_v3_10581	r1__Bacteria;p__Actinobacteriota;c__Coriobacteriia;o__Coriobacteriales;f__Eggerthellaceae;g__Phoenicibacter;s__Phoenicibacter congonensis
ref_mOTU_v3_04388	r1__Bacteria;p__Firmicutes;c__Bacilli;o__Lactobacillales;f__Lactobacillaceae;g__Lentilactobacillus;s__Lentilactobacillus hilgardii
ext_mOTU_v3_19866	r1__Bacteria;p__Firmicutes_A;c__Clostridia;o__Lachnospirales;f__Lachnospiraceae;g__UBA2856;s__UBA2856 sp009696445
ext_mOTU_v3_16295	r1__Bacteria;p__Actinobacteriota;c__Coriobacteriia;o__Coriobacteriales;f__Eggerthellaceae;g__Rubneribacter;s__Rubneribacter badeniensis
ext_mOTU_v3_26986	r1__Bacteria;p__Firmicutes_A;c__Clostridia;o__Oscillospirales;f__Acutalibacteraceae;g__MGYG000004229;s__MGYG000004229
ext_mOTU_v3_17646	r1__Bacteria;p__Proteobacteria;c__Alphaproteobacteria;o__RF32;f__CAG-239;g__CAG-495;s__MGYG000000581
ext_mOTU_v3_17534	r1__Archaea;p__Thermoplasmatota;c__Thermoplasmata;o__Methanomassiliicoccales;f__Methanomethylophilaceae;g__MX-02;s__MX-02 sp006954405
ext_mOTU_v3_18241	r1__Bacteria;p__Firmicutes_A;c__Clostridia;o__Lachnospirales;f__Lachnospiraceae;g__SFDP01;s__SFDP01 sp004558185
ext_mOTU_v3_17652	r1__Bacteria;p__Firmicutes_A;c__Clostridia;o__Oscillospirales;f__Acutalibacteraceae;g__DTU089;s__DTU089 sp002440045
ref_mOTU_v3_10238	r1__Bacteria;p__Actinobacteriota;c__Actinomycetia;o__Actinomycetales;f__Actinomycetaceae;g__Varibaculum;s__Varibaculum timonense
ref_mOTU_v3_02172	r1__Bacteria;p__Campylobacterota;c__Campylobacteria;o__Campylobacterales;f__Campylobacteraceae;g__Campylobacter_A;s__Campylobacter_A curvus
ext_mOTU_v3_28849	r1__Bacteria;p__Firmicutes;c__Bacilli;o__Staphylococcales;f__Gemellaceae;g__Gemella;s__Gemella sp900766305
meta_mOTU_v3_12734	r1__Bacteria;p__Firmicutes_A;c__Clostridia;o__Lachnospirales;f__Lachnospiraceae;g__Stomatobaculum;s__MGYG000002052
ext_mOTU_v3_18203	r1__Bacteria;p__Bacteroidota;c__Bacteroidia;o__Bacteroidales;f__Muribaculaceae;g__UBA7173;s__UBA7173 sp900768685
ext_mOTU_v3_26938	r1__Bacteria;p__Firmicutes;c__Bacilli;o__Bacillales_A;f__Planococcaceae;g__Psychrobacillus;s__Psychrobacillus sp012843435
ext_mOTU_v3_26746	r1__Bacteria;p__Bacteroidota;c__Bacteroidia;o__Bacteroidales;f__Bacteroidaceae;g__OM05-12;s__OM05-12 sp900760755
ref_mOTU_v3_11944	r1__Bacteria;p__Proteobacteria;c__Gammaproteobacteria;o__Cardiobacteriales;f__Cardiobacteriaceae;g__Cardiobacterium;s__Cardiobacterium valvarum
ext_mOTU_v3_26195	r1__Bacteria;p__Firmicutes_A;c__Clostridia;o__Lachnospirales;f__CAG-274;g__MGYG000000286;s__MGYG000000286
ext_mOTU_v3_28781	r1__Bacteria;p__Bacteroidota;c__Bacteroidia;o__Bacteroidales;f__Muribaculaceae;g__CAG-873;s__CAG-873 sp900555715
ext_mOTU_v3_26811	r1__Bacteria;p__Bacteroidota;c__Bacteroidia;o__Bacteroidales;f__Rikenellaceae;g__Alistipes;s__Alistipes sp900768045
ref_mOTU_v3_02966	r1__Bacteria;p__Actinobacteriota;c__Actinomycetia;o__Actinomycetales;f__Bifidobacteriaceae;g__Parascardovia;s__Parascardovia denticolens
ext_mOTU_v3_18133	r1__Bacteria;p__Bacteroidota;c__Bacteroidia;o__Bacteroidales;f__Bacteroidaceae;g__Bacteroides;s__Bacteroides uniformis
ref_mOTU_v3_02631	r1__Bacteria;p__Proteobacteria;c__Gammaproteobacteria;o__Enterobacterales;f__Enterobacteriaceae;g__Providencia;s__Providencia rustigianii
ref_mOTU_v3_08436	r1__Bacteria;p__Firmicutes;c__Bacilli;o__Bacillales_B;f__DSM-18226;g__Neobacillus;s__Neobacillus rubiinfantis
ext_mOTU_v3_17520	r1__Bacteria;p__Firmicutes_A;c__Clostridia;o__Oscillospirales;f__Acutalibacteraceae;g__UMGS1224;s__UMGS1224 sp900549775
ref_mOTU_v3_03744	r1__Bacteria;p__Firmicutes_A;c__Clostridia;o__Clostridiales;f__Clostridiaceae;g__Clostridium_P;s__Clostridium_P ventriculi
ext_mOTU_v3_28814	r1__Bacteria;p__Firmicutes_C;c__Negativicutes;o__Veillonellales;f__Megasphaeraceae;g__Anaeroglobus;s__Anaeroglobus micronuciformis
ref_mOTU_v3_03476	r1__Bacteria;p__Bacteroidota;c__Bacteroidia;o__Bacteroidales;f__Bacteroidaceae;g__Bacteroides;s__Bacteroides xylanisolvens
ext_mOTU_v3_27024	r1__Bacteria;p__Bacteroidota;c__Bacteroidia;o__Bacteroidales;f__Bacteroidaceae;g__Prevotella;s__MGYG000004462
ref_mOTU_v3_04567	r1__Bacteria;p__Firmicutes_A;c__Clostridia;o__Eubacteriales;f__Eubacteriaceae;g__Eubacterium;s__Eubacterium maltosivorans
ref_mOTU_v3_02041	r1__Bacteria;p__Actinobacteriota;c__Actinomycetia;o__Actinomycetales;f__Actinomycetaceae;g__Pauljensenia;s__Pauljensenia sp000308055
ext_mOTU_v3_26650	r1__Bacteria;p__Firmicutes_A;c__Clostridia;o__Lachnospirales;f__Lachnospiraceae;g__Muricomes;s__Muricomes sp900604355
ext_mOTU_v3_17703	r1__Bacteria;p__Firmicutes_A;c__Clostridia;o__Oscillospirales;f__Acutalibacteraceae;g__UMGS1279;s__MGYG000000704
ref_mOTU_v3_01094	r1__Bacteria;p__Proteobacteria;c__Gammaproteobacteria;o__Enterobacterales;f__Enterobacteriaceae;g__Yersinia;s__Yersinia kristensenii_B
ref_mOTU_v3_01084	r1__Bacteria;p__Proteobacteria;c__Gammaproteobacteria;o__Enterobacterales;f__Enterobacteriaceae;g__Yersinia;s__Yersinia pestis
meta_mOTU_v3_13512	r1__Bacteria;p__Firmicutes_A;c__Clostridia;o__Lachnospirales;f__Lachnospiraceae;g__Fusicatenibacter;s__Fusicatenibacter sp900543115
ext_mOTU_v3_17997	r1__Bacteria;p__Firmicutes_C;c__Negativicutes;o__Selenomonadales;f__Selenomonadaceae;g__Selenomonas_A;s__MGYG000003294
ext_mOTU_v3_18262	r1__Bacteria;p__Firmicutes_A;c__Clostridia;o__Oscillospirales;f__Acutalibacteraceae;g__Clostridium_A;s__MGYG000003768
ref_mOTU_v3_02489	r1__Bacteria;p__Firmicutes;c__Bacilli;o__Lactobacillales;f__Lactobacillaceae;g__Pediococcus;s__Pediococcus pentosaceus
ext_mOTU_v3_26949	r1__Bacteria;p__Firmicutes_A;c__Clostridia;o__Peptostreptococcales;f__Anaerovoracaceae;g__MGYG000004061;s__MGYG000004061
ref_mOTU_v3_02661	r1__Bacteria;p__Firmicutes;c__Bacilli;o__Bacillales_A;f__Planococcaceae;g__Lysinibacillus;s__Lysinibacillus fusiformis_D
ref_mOTU_v3_08061	r1__Archaea;p__Methanobacteriota;c__Methanobacteria;o__Methanobacteriales;f__Methanobacteriaceae;g__Methanobacterium;s__Methanobacterium sp000499765
ref_mOTU_v3_09271	r1__Bacteria;p__Actinobacteriota;c__Actinomycetia;o__Mycobacteriales;f__Mycobacteriaceae;g__Corynebacterium;s__Corynebacterium provencense
ref_mOTU_v3_00712	r1__Bacteria;p__Firmicutes;c__Bacilli;o__Lactobacillales;f__Listeriaceae;g__Listeria;s__Listeria monocytogenes_B
ref_mOTU_v3_03577	r1__Bacteria;p__Actinobacteriota;c__Actinomycetia;o__Actinomycetales;f__Bifidobacteriaceae;g__Bifidobacterium;s__Bifidobacterium vaginale_G
ext_mOTU_v3_26413	r1__Bacteria;p__Firmicutes_A;c__Clostridia;o__Lachnospirales;f__Lachnospiraceae;g__Roseburia;s__Roseburia sp900756925
ref_mOTU_v3_05391	r1__Bacteria;p__Actinobacteriota;c__Actinomycetia;o__Propionibacteriales;f__Propionibacteriaceae;g__Propionibacterium;s__Propionibacterium freudenreichii
meta_mOTU_v3_12252	r1__Bacteria;p__Firmicutes_A;c__Clostridia;o__Lachnospirales;f__Lachnospiraceae;g__Acetatifactor;s__Acetatifactor sp900066365
ext_mOTU_v3_26827	r1__Bacteria;p__Bacteroidota;c__Bacteroidia;o__Bacteroidales;f__Bacteroidaceae;g__HGM04593;s__HGM04593 sp900769465
ext_mOTU_v3_18028	r1__Bacteria;p__Firmicutes_A;c__Clostridia;o__Oscillospirales;f__Acutalibacteraceae;g__UBA1081;s__UBA1081 sp900543395
ext_mOTU_v3_16184	r1__Bacteria;p__Bacteroidota;c__Bacteroidia;o__Bacteroidales;f__Porphyromonadaceae;g__Porphyromonas;s__MGYG000003813
ext_mOTU_v3_26284	r1__Archaea;p__Methanobacteriota;c__Methanobacteria;o__Methanobacteriales;f__Methanobacteriaceae;g__Methanobrevibacter_A;s__Methanobrevibacter_A woesei
ext_mOTU_v3_17917	r1__Bacteria;p__Actinobacteriota;c__Actinomycetia;o__Actinomycetales;f__Actinomycetaceae;g__Pauljensenia;s__Pauljensenia sp902373435
ext_mOTU_v3_17817	r1__Bacteria;p__Firmicutes_A;c__Clostridia;o__Oscillospirales;f__Acutalibacteraceae;g__UMGS577;s__UMGS577 sp900543525
ref_mOTU_v3_00346	r1__Bacteria;p__Firmicutes;c__Bacilli;o__Staphylococcales;f__Staphylococcaceae;g__Staphylococcus;s__Staphylococcus epidermidis
ext_mOTU_v3_26563	r1__Bacteria;p__Firmicutes_A;c__Clostridia;o__Peptostreptococcales;f__Anaerovoracaceae;g__Eubacterium_T;s__Eubacterium_T sp900766045
ref_mOTU_v3_03846	r1__Bacteria;p__Actinobacteriota;c__Actinomycetia;o__Actinomycetales;f__Actinomycetaceae;g__Pauljensenia;s__Pauljensenia sp000758755
ref_mOTU_v3_01586	r1__Bacteria;p__Proteobacteria;c__Gammaproteobacteria;o__Burkholderiales;f__Neisseriaceae;g__Eikenella;s__Eikenella corrodens
meta_mOTU_v3_12991	r1__Bacteria;p__Firmicutes_A;c__Clostridia;o__Lachnospirales;f__Lachnospiraceae;g__CAG-56;s__CAG-56 sp900539525
ext_mOTU_v3_17599	r1__Bacteria;p__Firmicutes;c__Bacilli;o__Erysipelotrichales;f__Erysipelotrichaceae;g__UBA636;s__UBA636 sp900546285
ext_mOTU_v3_18195	r1__Bacteria;p__Bacteroidota;c__Bacteroidia;o__Bacteroidales;f__Muribaculaceae;g__CAG-485;s__CAG-485 sp900767075
ext_mOTU_v3_17835	r1__Bacteria;p__Firmicutes_A;c__Clostridia;o__Oscillospirales;f__Oscillospiraceae;g__UBA1777;s__UBA1777 sp900549545
ext_mOTU_v3_26210	r1__Bacteria;p__Firmicutes_A;c__Clostridia;o__Lachnospirales;f__Lachnospiraceae;g__MGYG000000387;s__MGYG000000387
ref_mOTU_v3_02813	r1__Bacteria;p__Firmicutes_A;c__Clostridia;o__Lachnospirales;f__Lachnospiraceae;g__Lacrimispora;s__Lacrimispora sp000526575
ext_mOTU_v3_17378	r1__Bacteria;p__Actinobacteriota;c__Actinomycetia;o__Actinomycetales;f__Actinomycetaceae;g__Varibaculum;s__Varibaculum cambriense_A
ext_mOTU_v3_17376	r1__Bacteria;p__Actinobacteriota;c__Actinomycetia;o__Actinomycetales;f__Actinomycetaceae;g__Varibaculum;s__Varibaculum cambriense_A
ext_mOTU_v3_26565	r1__Bacteria;p__Bacteroidota;c__Bacteroidia;o__Bacteroidales;f__Bacteroidaceae;g__Prevotella;s__MGYG000002613
ext_mOTU_v3_26457	r1__Bacteria;p__Firmicutes_A;c__Clostridia;o__Peptostreptococcales;f__Anaerovoracaceae;g__UBA1191;s__MGYG000001727
meta_mOTU_v3_13389	r1__Bacteria;p__Firmicutes_A;c__Clostridia;o__Oscillospirales;f__Ruminococcaceae;g__Ruminococcus;s__MGYG000004598
ext_mOTU_v3_27011	r1__Bacteria;p__Firmicutes_A;c__Clostridia;o__Lachnospirales;f__Lachnospiraceae;g__MGYG000004380;s__MGYG000004380
ref_mOTU_v3_03147	r1__Bacteria;p__Firmicutes_A;c__Clostridia;o__Peptostreptococcales;f__Peptostreptococcaceae;g__Paraclostridium;s__Paraclostridium bifermentans
ext_mOTU_v3_18209	r1__Bacteria;p__Bacteroidota;c__Bacteroidia;o__Bacteroidales;f__P3;g__UBA3388;s__UBA3388 sp004551865
ext_mOTU_v3_26548	r1__Bacteria;p__Bacteroidota;c__Bacteroidia;o__Bacteroidales;f__Tannerellaceae;g__Parabacteroides;s__Parabacteroides chinchillae
ext_mOTU_v3_26347	r1__Bacteria;p__Firmicutes_A;c__Clostridia;o__Oscillospirales;f__Oscillospiraceae;g__CAG-83;s__CAG-83 sp001916855
ext_mOTU_v3_26906	r1__Bacteria;p__Firmicutes_A;c__Clostridia;o__Oscillospirales;f__Ruminococcaceae;g__UMGS1601;s__MGYG000003826
ext_mOTU_v3_16311	r1__Bacteria;p__Firmicutes_A;c__Clostridia;o__Lachnospirales;f__Lachnospiraceae;g__AM51-8;s__AM51-8 sp900761925
ext_mOTU_v3_17321	r1__Bacteria;p__Firmicutes_A;c__Clostridia;o__Tissierellales;f__Peptoniphilaceae;g__Peptoniphilus_C;s__Peptoniphilus_C sp902363535
ref_mOTU_v3_07038	r1__Bacteria;p__Firmicutes_A;c__Clostridia;o__Lachnospirales;f__Lachnospiraceae;g__Ruminococcus_G;s__Ruminococcus_G gauvreauii
ref_mOTU_v3_05079	r1__Bacteria;p__Firmicutes;c__Bacilli;o__Lactobacillales;f__Lactobacillaceae;g__Weissella;s__Weissella viridescens
meta_mOTU_v3_13431	r1__Bacteria;p__Firmicutes_A;c__Clostridia_A;o__Christensenellales;f__CAG-917;g__HGM11377;s__HGM11377 sp900755035
ref_mOTU_v3_06928	r1__Bacteria;p__Firmicutes_A;c__Clostridia;o__Lachnospirales;f__Lachnospiraceae;g__Lactonifactor;s__Lactonifactor longoviformis
ext_mOTU_v3_26815	r1__Bacteria;p__Firmicutes_A;c__Clostridia;o__Oscillospirales;f__Ruminococcaceae;g__Ruminiclostridium_E;s__Ruminiclostridium_E sp900768735
ext_mOTU_v3_26244	r1__Bacteria;p__Firmicutes_A;c__Clostridia;o__Monoglobales_A;f__UBA1381;g__MGYG000000587;s__MGYG000000587
ref_mOTU_v3_10099	r1__Bacteria;p__Bacteroidota;c__Bacteroidia;o__Bacteroidales;f__Muribaculaceae;g__Muribaculum;s__Muribaculum intestinale
ref_mOTU_v3_09290	r1__Bacteria;p__Firmicutes_A;c__Clostridia;o__Lachnospirales;f__Lachnospiraceae;g__Bariatricus;s__Bariatricus massiliensis
ext_mOTU_v3_16269	r1__Bacteria;p__Firmicutes_A;c__Clostridia;o__Monoglobales;f__Monoglobaceae;g__MGYG000004144;s__MGYG000004144
ref_mOTU_v3_08995	r1__Bacteria;p__Firmicutes_A;c__Clostridia;o__Tissierellales;f__Peptoniphilaceae;g__Murdochiella;s__Murdochiella massiliensis
ref_mOTU_v3_00720	r1__Bacteria;p__Firmicutes;c__Bacilli;o__Lactobacillales;f__Lactobacillaceae;g__Pediococcus;s__Pediococcus acidilactici
ext_mOTU_v3_18212	r1__Bacteria;p__Firmicutes_A;c__Clostridia;o__Lachnospirales;f__Lachnospiraceae;g__UBA3766;s__UBA3766 sp900769175
ref_mOTU_v3_01910	r1__Bacteria;p__Actinobacteriota;c__Actinomycetia;o__Actinomycetales;f__Actinomycetaceae;g__Pauljensenia;s__Pauljensenia sp000411415
ext_mOTU_v3_26308	r1__Bacteria;p__Firmicutes;c__Bacilli;o__Lactobacillales;f__Lactobacillaceae;g__Lacticaseibacillus;s__Lacticaseibacillus sp900540605
ref_mOTU_v3_00813	r1__Bacteria;p__Proteobacteria;c__Gammaproteobacteria;o__Enterobacterales;f__Enterobacteriaceae;g__Leminorella;s__Leminorella grimontii
ref_mOTU_v3_01786	r1__Bacteria;p__Proteobacteria;c__Gammaproteobacteria;o__Xanthomonadales;f__Xanthomonadaceae;g__Stenotrophomonas;s__Stenotrophomonas maltophilia_F
ref_mOTU_v3_04233	r1__Bacteria;p__Firmicutes_C;c__Negativicutes;o__Veillonellales;f__Veillonellaceae;g__F0422;s__F0422 sp001553345
ext_mOTU_v3_26296	r1__Bacteria;p__Bacteroidota;c__Bacteroidia;o__Bacteroidales;f__Bacteroidaceae;g__Bacteroides;s__Bacteroides xylanisolvens
ext_mOTU_v3_17458	r1__Bacteria;p__Firmicutes_A;c__Clostridia_A;o__Christensenellales;f__Borkfalkiaceae;g__UBA11475;s__UBA11475 sp003538975
ref_mOTU_v3_04406	r1__Bacteria;p__Firmicutes;c__Bacilli;o__Lactobacillales;f__Lactobacillaceae;g__Fructilactobacillus;s__Fructilactobacillus sanfranciscensis
ref_mOTU_v3_04054	r1__Bacteria;p__Actinobacteriota;c__Actinomycetia;o__Actinomycetales;f__Actinomycetaceae;g__Actinomyces;s__Actinomyces graevenitzii
ext_mOTU_v3_26193	r1__Bacteria;p__Firmicutes_A;c__Clostridia;o__Lachnospirales;f__Lachnospiraceae;g__Lachnoclostridium_A;s__Lachnoclostridium_A sp003464085
ext_mOTU_v3_18227	r1__Bacteria;p__Bacteroidota;c__Bacteroidia;o__Bacteroidales;f__F082;g__F082;s__F082 sp900769945
ref_mOTU_v3_01079	r1__Bacteria;p__Bacteroidota;c__Bacteroidia;o__Bacteroidales;f__Bacteroidaceae;g__F0040;s__F0040 sp900095835
ref_mOTU_v3_05265	r1__Bacteria;p__Actinobacteriota;c__Actinomycetia;o__Actinomycetales;f__Micrococcaceae;g__Rothia;s__Rothia mucilaginosa
ext_mOTU_v3_17712	r1__Bacteria;p__Firmicutes_A;c__Clostridia_A;o__Christensenellales;f__Borkfalkiaceae;g__Borkfalkia;s__MGYG000000733
ref_mOTU_v3_07668	r1__Bacteria;p__Firmicutes_A;c__Clostridia;o__Lachnospirales;f__Lachnospiraceae;g__CAG-317;s__CAG-317 sp000433535
ext_mOTU_v3_18171	r1__Bacteria;p__Firmicutes_A;c__Thermoanaerobacteria;o__Caldanaerobiales;f__UBA4877;g__UBA4877;s__UBA4877 sp002399345
ext_mOTU_v3_26545	r1__Bacteria;p__Firmicutes;c__Bacilli;o__RF39;f__UBA660;g__UMGS1217;s__UMGS1217 sp900549625
ext_mOTU_v3_28906	r1__Bacteria;p__Actinobacteriota;c__Actinomycetia;o__Actinomycetales;f__Actinomycetaceae;g__Pauljensenia;s__MGYG000001284
ref_mOTU_v3_02787	r1__Bacteria;p__Firmicutes;c__Bacilli;o__Lactobacillales;f__Enterococcaceae;g__Enterococcus_A;s__Enterococcus_A gilvus
ext_mOTU_v3_26438	r1__Bacteria;p__Firmicutes_A;c__Clostridia;o__Oscillospirales;f__Acutalibacteraceae;g__Eubacterium_R;s__MGYG000001572
ref_mOTU_v3_04143	r1__Bacteria;p__Proteobacteria;c__Gammaproteobacteria;o__Enterobacterales;f__Enterobacteriaceae;g__Moellerella;s__Moellerella wisconsensis
ref_mOTU_v3_04568	r1__Bacteria;p__Firmicutes_A;c__Clostridia;o__Eubacteriales;f__Eubacteriaceae;g__Eubacterium;s__Eubacterium callanderi
ref_mOTU_v3_00510	r1__Bacteria;p__Proteobacteria;c__Gammaproteobacteria;o__Burkholderiales;f__Burkholderiaceae;g__Ralstonia;s__Ralstonia pickettii
ref_mOTU_v3_05264	r1__Bacteria;p__Actinobacteriota;c__Actinomycetia;o__Actinomycetales;f__Micrococcaceae;g__Rothia;s__Rothia mucilaginosa_A
ext_mOTU_v3_17375	r1__Bacteria;p__Actinobacteriota;c__Actinomycetia;o__Actinomycetales;f__Actinomycetaceae;g__Varibaculum;s__Varibaculum cambriense_A
ext_mOTU_v3_17381	r1__Bacteria;p__Actinobacteriota;c__Actinomycetia;o__Actinomycetales;f__Micrococcaceae;g__Rothia;s__Rothia sp902373285
ref_mOTU_v3_01913	r1__Bacteria;p__Actinobacteriota;c__Actinomycetia;o__Actinomycetales;f__Actinomycetaceae;g__Pauljensenia;s__Pauljensenia bouchesdurhonensis
ref_mOTU_v3_10166	r1__Bacteria;p__Fusobacteriota;c__Fusobacteriia;o__Fusobacteriales;f__Fusobacteriaceae;g__Fusobacterium;s__Fusobacterium massiliense
ref_mOTU_v3_12048	r1__Bacteria;p__Actinobacteriota;c__Actinomycetia;o__Actinomycetales;f__Actinomycetaceae;g__Pauljensenia;s__Pauljensenia cardiffensis
ref_mOTU_v3_00343	r1__Bacteria;p__Firmicutes;c__Bacilli;o__Staphylococcales;f__Staphylococcaceae;g__Staphylococcus;s__Staphylococcus haemolyticus
ref_mOTU_v3_01078	r1__Bacteria;p__Bacteroidota;c__Bacteroidia;o__Bacteroidales;f__Bacteroidaceae;g__F0040;s__F0040 sp000318095
ext_mOTU_v3_26340	r1__Bacteria;p__Firmicutes_A;c__Clostridia;o__Lachnospirales;f__Anaerotignaceae;g__Anaerotignum;s__Anaerotignum sp001304995
ext_mOTU_v3_18178	r1__Bacteria;p__Firmicutes_A;c__Clostridia;o__Tissierellales;f__Peptoniphilaceae;g__Anaerococcus;s__Anaerococcus sp900258475
ext_mOTU_v3_26491	r1__Bacteria;p__Bacteroidota;c__Bacteroidia;o__Bacteroidales;f__Bacteroidaceae;g__Phocaeicola;s__Phocaeicola sp900544675
ext_mOTU_v3_16303	r1__Bacteria;p__Firmicutes_A;c__Clostridia;o__Oscillospirales;f__Ruminococcaceae;g__Gemmiger;s__Gemmiger sp900548355
ref_mOTU_v3_02619	r1__Bacteria;p__Firmicutes;c__Bacilli;o__Lactobacillales;f__Enterococcaceae;g__Enterococcus_A;s__Enterococcus_A raffinosus
meta_mOTU_v3_14099	r1__Bacteria;p__Firmicutes_A;c__Clostridia;o__Lachnospirales;f__Lachnospiraceae;g__UBA2882;s__UBA2882 sp900542015
ext_mOTU_v3_17925	r1__Bacteria;p__Firmicutes_A;c__Clostridia_A;o__Christensenellales;f__QALW01;g__UMGS1322;s__MGYG000001850
ext_mOTU_v3_17426	r1__Bacteria;p__Firmicutes_A;c__Clostridia;o__Lachnospirales;f__Lachnospiraceae;g__UBA2821;s__UBA2821 sp902763335
ext_mOTU_v3_23504	r1__Bacteria;p__Bacteroidota;c__Bacteroidia;o__Bacteroidales;f__Muribaculaceae;g__MGYG000003270;s__MGYG000003270
ext_mOTU_v3_18211	r1__Archaea;p__Methanobacteriota;c__Methanobacteria;o__Methanobacteriales;f__Methanobacteriaceae;g__Methanobrevibacter_A;s__Methanobrevibacter_A sp900769095
meta_mOTU_v3_14238	r1__Bacteria;p__Firmicutes_C;c__Negativicutes;o__Acidaminococcales;f__Acidaminococcaceae;g__Acidaminococcus;s__MGYG000004611
ext_mOTU_v3_18279	r1__Bacteria;p__Firmicutes_A;c__Clostridia;o__Oscillospirales;f__CAG-272;g__UMGS911;s__MGYG000004353
ext_mOTU_v3_28905	r1__Bacteria;p__Actinobacteriota;c__Actinomycetia;o__Actinomycetales;f__Actinomycetaceae;g__Pauljensenia;s__MGYG000001284
ext_mOTU_v3_18280	r1__Bacteria;p__Firmicutes_A;c__Clostridia;o__Oscillospirales;f__CAG-272;g__UMGS911;s__MGYG000004030
ext_mOTU_v3_26803	r1__Bacteria;p__Bacteroidota;c__Bacteroidia;o__Bacteroidales;f__UBA932;g__RC9;s__RC9 sp000431015
ref_mOTU_v3_02114	r1__Bacteria;p__Actinobacteriota;c__Actinomycetia;o__Actinomycetales;f__Bifidobacteriaceae;g__Alloscardovia;s__Alloscardovia omnicolens
ext_mOTU_v3_33780	r1__Bacteria;p__Firmicutes;c__Bacilli;o__Bacillales_A;f__Planococcaceae;g__Ureibacillus;s__Ureibacillus endophyticus
ext_mOTU_v3_26527	r1__Bacteria;p__Firmicutes;c__Bacilli;o__RF39;f__UBA660;g__CAG-877;s__CAG-877 sp900552495
ref_mOTU_v3_07667	r1__Bacteria;p__Firmicutes_A;c__Clostridia;o__Lachnospirales;f__Lachnospiraceae;g__CAG-317;s__CAG-317 sp000433215
ref_mOTU_v3_04534	r1__Bacteria;p__Actinobacteriota;c__Actinomycetia;o__Mycobacteriales;f__Mycobacteriaceae;g__Corynebacterium;s__Corynebacterium striatum
ext_mOTU_v3_26753	r1__Bacteria;p__Firmicutes_G;c__SHA-98;o__DTUO25;f__HGM14224;g__HGM14224;s__HGM14224 sp900761905
ext_mOTU_v3_15347	r1__Bacteria;p__Firmicutes_C;c__Negativicutes;o__Selenomonadales;f__Selenomonadaceae;g__Megamonas;s__Megamonas sp900556715
ext_mOTU_v3_17775	r1__Bacteria;p__Firmicutes_A;c__Clostridia;o__Monoglobales;f__Monoglobaceae;g__UMGS1326;s__UMGS1326 sp900550775
meta_mOTU_v3_12583	r1__Bacteria;p__Firmicutes_A;c__Clostridia;o__Peptostreptococcales;f__Anaerovoracaceae;g__Eubacterium_M;s__Eubacterium_M sp900540015
ref_mOTU_v3_00309	r1__Bacteria;p__Firmicutes;c__Bacilli;o__Lactobacillales;f__Streptococcaceae;g__Streptococcus;s__Streptococcus timonensis
ref_mOTU_v3_00324	r1__Bacteria;p__Firmicutes;c__Bacilli;o__Lactobacillales;f__Enterococcaceae;g__Enterococcus_B;s__Enterococcus_B hirae
ext_mOTU_v3_18076	r1__Bacteria;p__Firmicutes_A;c__Clostridia;o__Oscillospirales;f__Oscillospiraceae;g__ER4;s__ER4 sp900550165
ext_mOTU_v3_26820	r1__Bacteria;p__Bacteroidota;c__Bacteroidia;o__Bacteroidales;f__Tannerellaceae;g__Parabacteroides;s__Parabacteroides sp900770835
ext_mOTU_v3_18245	r1__Bacteria;p__Firmicutes;c__Bacilli;o__Erysipelotrichales;f__Erysipelotrichaceae;g__Bulleidia;s__Bulleidia massiliensis_B
ref_mOTU_v3_06740	r1__Bacteria;p__Firmicutes_A;c__Clostridia;o__Lachnospirales;f__Lachnospiraceae;g__Anaerosporobacter;s__Anaerosporobacter mobilis
meta_mOTU_v3_13685	r1__Bacteria;p__Firmicutes_A;c__Clostridia;o__Monoglobales_A;f__UBA1381;g__UBA4716;s__MGYG000004845
ext_mOTU_v3_26431	r1__Bacteria;p__Firmicutes_B;c__Dehalobacteriia;o__UBA4068;f__UBA4068;g__HGM13862;s__HGM13862 sp900760825
ext_mOTU_v3_26779	r1__Bacteria;p__Firmicutes_A;c__Clostridia;o__Tissierellales;f__Peptoniphilaceae;g__Finegoldia;s__Finegoldia sp900766215
ext_mOTU_v3_17861	r1__Bacteria;p__Firmicutes_A;c__Clostridia;o__Oscillospirales;f__Ruminococcaceae;g__Massilimaliae;s__Massilimaliae sp900752435
meta_mOTU_v3_13253	r1__Bacteria;p__Proteobacteria;c__Gammaproteobacteria;o__Enterobacterales;f__Pasteurellaceae;g__Haemophilus_D;s__Haemophilus_D parainfluenzae
ref_mOTU_v3_00131	r1__Bacteria;p__Proteobacteria;c__Gammaproteobacteria;o__Pseudomonadales;f__Pseudomonadaceae;g__Pseudomonas_E;s__Pseudomonas_E extremaustralis
meta_mOTU_v3_13914	r1__Bacteria;p__Verrucomicrobiota;c__Verrucomicrobiae;o__Opitutales;f__CAG-312;g__UMGS1490;s__UMGS1490 sp900547395
ext_mOTU_v3_17746	r1__Bacteria;p__Firmicutes_C;c__Negativicutes;o__Selenomonadales;f__Selenomonadaceae;g__Megamonas;s__Megamonas sp900554895
ref_mOTU_v3_01915	r1__Bacteria;p__Actinobacteriota;c__Actinomycetia;o__Actinomycetales;f__Actinomycetaceae;g__Pauljensenia;s__Pauljensenia bouchesdurhonensis
ext_mOTU_v3_27020	r1__Bacteria;p__Bacteroidota;c__Bacteroidia;o__Bacteroidales;f__Coprobacteraceae;g__MGYG000004443;s__MGYG000004443
ext_mOTU_v3_17410	r1__Bacteria;p__Firmicutes_A;c__Clostridia;o__Lachnospirales;f__Lachnospiraceae;g__Enterocloster;s__Enterocloster sp900540675
ref_mOTU_v3_08837	r1__Bacteria;p__Firmicutes_A;c__Clostridia;o__Oscillospirales;f__Ruminococcaceae;g__Ruminococcus_C;s__Ruminococcus_C sp000980705
ref_mOTU_v3_12068	r1__Bacteria;p__Firmicutes_A;c__Clostridia;o__Oscillospirales;f__Ruminococcaceae;g__Neobittarella;s__Neobittarella massiliensis
ref_mOTU_v3_09413	r1__Bacteria;p__Firmicutes_A;c__Clostridia;o__Oscillospirales;f__Acutalibacteraceae;g__Marseille-P4683;s__Marseille-P4683 sp900232885
ref_mOTU_v3_08058	r1__Bacteria;p__Firmicutes_A;c__Clostridia;o__Clostridiales;f__Clostridiaceae;g__Clostridium;s__Clostridium neonatale
ext_mOTU_v3_18105	r1__Bacteria;p__Firmicutes_C;c__Negativicutes;o__Veillonellales;f__Veillonellaceae;g__F0422;s__MGYG000002902
ext_mOTU_v3_17368	r1__Bacteria;p__Firmicutes_A;c__Clostridia;o__Lachnospirales;f__Lachnospiraceae;g__Robinsoniella;s__Robinsoniella sp900540475
ext_mOTU_v3_17589	r1__Bacteria;p__Firmicutes_A;c__Clostridia;o__Oscillospirales;f__Acutalibacteraceae;g__MGYG000000505;s__MGYG000000505
ref_mOTU_v3_00830	r1__Bacteria;p__Proteobacteria;c__Gammaproteobacteria;o__Enterobacterales;f__Enterobacteriaceae;g__Serratia;s__Serratia marcescens_I
ext_mOTU_v3_17704	r1__Bacteria;p__Firmicutes_A;c__Clostridia;o__Monoglobales;f__Monoglobaceae;g__UMGS1326;s__MGYG000000706
ref_mOTU_v3_05845	r1__Bacteria;p__Bacteroidota;c__Bacteroidia;o__Bacteroidales;f__Muribaculaceae;g__Paramuribaculum;s__Paramuribaculum sp009775605
ref_mOTU_v3_00206	r1__Bacteria;p__Proteobacteria;c__Gammaproteobacteria;o__Pseudomonadales;f__Pseudomonadaceae;g__Pseudomonas;s__Pseudomonas citronellolis
ext_mOTU_v3_17983	r1__Bacteria;p__Firmicutes_A;c__Clostridia;o__Oscillospirales;f__Acutalibacteraceae;g__MGYG000002038;s__MGYG000002038
ext_mOTU_v3_17942	r1__Bacteria;p__Bacteroidota;c__Bacteroidia;o__Bacteroidales;f__UBA932;g__RC9;s__RC9 sp900760425
ext_mOTU_v3_33525	r1__Bacteria;p__Bacteroidota;c__Bacteroidia;o__Bacteroidales;f__UBA932;g__RC9;s__RC9 sp900769145
ref_mOTU_v3_04586	r1__Bacteria;p__Firmicutes_A;c__Clostridia;o__Clostridiales;f__Clostridiaceae;g__Clostridium_J;s__Clostridium_J sp000821305
ref_mOTU_v3_06669	r1__Bacteria;p__Firmicutes_C;c__Negativicutes;o__Veillonellales;f__Megasphaeraceae;g__Anaeroglobus;s__Anaeroglobus sp900240295
ref_mOTU_v3_02134	r1__Bacteria;p__Bacteroidota;c__Bacteroidia;o__Bacteroidales;f__Bacteroidaceae;g__Bacteroides;s__Bacteroides graminisolvens
ref_mOTU_v3_10800	r1__Bacteria;p__Firmicutes_B;c__Peptococcia;o__Peptococcales;f__Peptococcaceae;g__Peptococcus;s__Peptococcus niger
ext_mOTU_v3_17798	r1__Bacteria;p__Bacteroidota;c__Bacteroidia;o__Bacteroidales;f__Bacteroidaceae;g__Prevotella;s__Prevotella sp900548195
ext_mOTU_v3_18300	r1__Bacteria;p__Firmicutes_A;c__Clostridia_A;o__Christensenellales;f__CAG-314;g__UMGS1707;s__UMGS1707 sp900554285
meta_mOTU_v3_13151	r1__Bacteria;p__Firmicutes_A;c__Clostridia;o__Oscillospirales;f__Ruminococcaceae;g__Negativibacillus;s__Negativibacillus massiliensis
ext_mOTU_v3_16212	r1__Bacteria;p__Firmicutes_A;c__Clostridia;o__Peptostreptococcales;f__Anaerovoracaceae;g__UBA1191;s__MGYG000004198
ref_mOTU_v3_01950	r1__Bacteria;p__Actinobacteriota;c__Coriobacteriia;o__Coriobacteriales;f__Atopobiaceae;g__Atopobium;s__Atopobium minutum
ref_mOTU_v3_01911	r1__Bacteria;p__Actinobacteriota;c__Actinomycetia;o__Actinomycetales;f__Actinomycetaceae;g__Pauljensenia;s__MGYG000001284
ext_mOTU_v3_26678	r1__Bacteria;p__Firmicutes;c__Bacilli;o__Staphylococcales;f__Gemellaceae;g__Gemella;s__Gemella sp900766305
ref_mOTU_v3_02389	r1__Bacteria;p__Bacteroidota;c__Bacteroidia;o__Bacteroidales;f__Bacteroidaceae;g__Prevotella;s__Prevotella amnii
ext_mOTU_v3_26346	r1__Bacteria;p__Bacteroidota;c__Bacteroidia;o__Bacteroidales;f__Bacteroidaceae;g__Phocaeicola;s__Phocaeicola sp900552645
ref_mOTU_v3_03470	r1__Bacteria;p__Firmicutes;c__Bacilli;o__Lactobacillales;f__Lactobacillaceae;g__Ligilactobacillus;s__Ligilactobacillus murinus
ref_mOTU_v3_06696	r1__Bacteria;p__Firmicutes_A;c__Clostridia;o__Tissierellales;f__Peptoniphilaceae;g__Peptoniphilus_E;s__Peptoniphilus_E obesi
ref_mOTU_v3_04800	r1__Bacteria;p__Actinobacteriota;c__Actinomycetia;o__Actinomycetales;f__Micrococcaceae;g__Rothia;s__MGYG000004886
ext_mOTU_v3_26870	r1__Bacteria;p__Firmicutes_A;c__Clostridia;o__Lachnospirales;f__Lachnospiraceae;g__NK4A136;s__NK4A136 sp002314855
ext_mOTU_v3_26319	r1__Bacteria;p__Firmicutes_A;c__Clostridia;o__Oscillospirales;f__Ruminococcaceae;g__Gemmiger;s__Gemmiger qucibialis
ref_mOTU_v3_06373	r1__Bacteria;p__Actinobacteriota;c__Actinomycetia;o__Actinomycetales;f__Bifidobacteriaceae;g__Bifidobacterium;s__Bifidobacterium gallicum
ext_mOTU_v3_18244	r1__Bacteria;p__Firmicutes_A;c__Clostridia;o__Lachnospirales;f__Lachnospiraceae;g__SFDP01;s__SFDP01 sp900770785
ext_mOTU_v3_26509	r1__Bacteria;p__Firmicutes_A;c__Clostridia;o__Oscillospirales;f__Oscillospiraceae;g__HGM13006;s__MGYG000002067
ref_mOTU_v3_11132	r1__Bacteria;p__Firmicutes_A;c__Clostridia;o__Oscillospirales;f__Acutalibacteraceae;g__Ruminococcus_E;s__Ruminococcus_E bromii_A
ref_mOTU_v3_01346	r1__Bacteria;p__Proteobacteria;c__Gammaproteobacteria;o__Pseudomonadales;f__Moraxellaceae;g__Acinetobacter;s__Acinetobacter johnsonii
ext_mOTU_v3_17827	r1__Bacteria;p__Firmicutes_A;c__Clostridia_A;o__Christensenellales;f__CAG-917;g__CAG-475;s__CAG-475 sp900549225
ref_mOTU_v3_11370	r1__Bacteria;p__Firmicutes_A;c__Clostridia;o__Lachnospirales;f__Lachnospiraceae;g__Eubacterium_I;s__Eubacterium_I sp900066595
ref_mOTU_v3_09169	r1__Bacteria;p__Firmicutes_A;c__Clostridia;o__Oscillospirales;f__Ruminococcaceae;g__Anaerotruncus;s__Anaerotruncus rubiinfantis
ref_mOTU_v3_08159	r1__Bacteria;p__Actinobacteriota;c__Actinomycetia;o__Actinomycetales;f__Actinomycetaceae;g__Varibaculum;s__Varibaculum cambriense_A
ext_mOTU_v3_26185	r1__Bacteria;p__Firmicutes_A;c__Clostridia;o__Lachnospirales;f__Lachnospiraceae;g__NSJ-38;s__NSJ-38 sp902363445
ref_mOTU_v3_01495	r1__Bacteria;p__Proteobacteria;c__Gammaproteobacteria;o__Burkholderiales;f__Neisseriaceae;g__Neisseria;s__Neisseria macacae
ext_mOTU_v3_17693	r1__Bacteria;p__Bacteroidota;c__Bacteroidia;o__Bacteroidales;f__Bacteroidaceae;g__UBA4334;s__MGYG000000682
ext_mOTU_v3_18010	r1__Bacteria;p__Firmicutes_A;c__Clostridia;o__Oscillospirales;f__Acutalibacteraceae;g__UMGS1690;s__UMGS1690 sp900554165
ref_mOTU_v3_02523	r1__Bacteria;p__Bacteroidota;c__Bacteroidia;o__Bacteroidales;f__Porphyromonadaceae;g__Porphyromonas;s__Porphyromonas pasteri
ext_mOTU_v3_17926	r1__Bacteria;p__Actinobacteriota;c__Actinomycetia;o__Actinomycetales;f__Actinomycetaceae;g__Pauljensenia;s__Pauljensenia sp902373545
ext_mOTU_v3_17657	r1__Bacteria;p__Firmicutes_A;c__Clostridia;o__Monoglobales_A;f__UBA9506;g__UMGS755;s__UMGS755 sp900545185
meta_mOTU_v3_12376	r1__Bacteria;p__Firmicutes_A;c__Clostridia;o__Oscillospirales;f__Ruminococcaceae;g__Faecalibacterium;s__Faecalibacterium prausnitzii_H
ref_mOTU_v3_12037	r1__Bacteria;p__Actinobacteriota;c__Actinomycetia;o__Actinomycetales;f__Actinomycetaceae;g__Pauljensenia;s__Pauljensenia turicensis
ext_mOTU_v3_17963	r1__Bacteria;p__Firmicutes_A;c__Clostridia_A;o__Christensenellales;f__CAG-917;g__CAG-475;s__CAG-475 sp900551145
ext_mOTU_v3_17454	r1__Bacteria;p__Proteobacteria;c__Gammaproteobacteria;o__Burkholderiales;f__Burkholderiaceae;g__Oxalobacter;s__Oxalobacter sp900760095
ext_mOTU_v3_26252	r1__Bacteria;p__Firmicutes_A;c__Clostridia;o__Lachnospirales;f__Lachnospiraceae;g__Eubacterium_J;s__MGYG000000626
ext_mOTU_v3_26894	r1__Bacteria;p__Firmicutes_A;c__Clostridia;o__Tissierellales;f__Peptoniphilaceae;g__Ezakiella;s__MGYG000003778
ext_mOTU_v3_27023	r1__Bacteria;p__Verrucomicrobiota;c__Lentisphaeria;o__Victivallales;f__UBA1829;g__MGYG000004461;s__MGYG000004461
ext_mOTU_v3_17443	r1__Bacteria;p__Firmicutes_A;c__Clostridia;o__Peptostreptococcales;f__Anaerovoracaceae;g__MGYG000004171;s__MGYG000004171
ext_mOTU_v3_18221	r1__Bacteria;p__Spirochaetota;c__Spirochaetia;o__Treponematales;f__Treponemataceae;g__Treponema_D;s__Treponema_D sp900769985
ext_mOTU_v3_17392	r1__Bacteria;p__Firmicutes_A;c__Clostridia;o__Oscillospirales;f__Ruminococcaceae;g__Pygmaiobacter;s__Pygmaiobacter massiliensis
ext_mOTU_v3_17753	r1__Bacteria;p__Patescibacteria;c__Saccharimonadia;o__Saccharimonadales;f__Saccharimonadaceae;g__TM7x;s__TM7x sp900555885
ext_mOTU_v3_26478	r1__Bacteria;p__Bacteroidota;c__Bacteroidia;o__Bacteroidales;f__Muribaculaceae;g__MGYG000001871;s__MGYG000001871
ext_mOTU_v3_17569	r1__Bacteria;p__Firmicutes_A;c__Clostridia;o__Oscillospirales;f__Ruminococcaceae;g__Ruminococcus_C;s__Ruminococcus_C sp900770195
ext_mOTU_v3_26477	r1__Bacteria;p__Firmicutes_A;c__Clostridia_A;o__Christensenellales;f__Borkfalkiaceae;g__UBA1259;s__MGYG000001863
meta_mOTU_v3_13357	r1__Bacteria;p__Bacteroidota;c__Bacteroidia;o__Bacteroidales;f__Bacteroidaceae;g__Prevotella;s__Prevotella sp900548585
meta_mOTU_v3_12688	r1__Bacteria;p__Firmicutes_A;c__Clostridia;o__Lachnospirales;f__CAG-274;g__CAG-274;s__CAG-274 sp000432155
ext_mOTU_v3_26309	r1__Bacteria;p__Firmicutes;c__Bacilli;o__Lactobacillales;f__Lactobacillaceae;g__Lactobacillus;s__Lactobacillus apis
ref_mOTU_v3_10254	r1__Bacteria;p__Actinobacteriota;c__Coriobacteriia;o__Coriobacteriales;f__Atopobiaceae;g__Olsenella_E;s__MGYG000004577
ext_mOTU_v3_18122	r1__Bacteria;p__Firmicutes_A;c__Clostridia;o__Oscillospirales;f__Ruminococcaceae;g__UMGS599;s__UMGS599 sp900543705
ref_mOTU_v3_04351	r1__Archaea;p__Methanobacteriota;c__Methanobacteria;o__Methanobacteriales;f__Methanobacteriaceae;g__Methanobrevibacter_A;s__Methanobrevibacter_A oralis
ext_mOTU_v3_17498	r1__Bacteria;p__Proteobacteria;c__Alphaproteobacteria;o__RF32;f__CAG-239;g__CAAFZY01;s__CAAFZY01 sp900767645
ext_mOTU_v3_26957	r1__Bacteria;p__Firmicutes_A;c__Clostridia;o__Monoglobales_A;f__UMGS1253;g__UMGS1253;s__MGYG000004085
ext_mOTU_v3_26181	r1__Bacteria;p__Firmicutes_A;c__Clostridia;o__Lachnospirales;f__Lachnospiraceae;g__GCA-900066755;s__GCA-900066755 sp902363085
ext_mOTU_v3_17382	r1__Bacteria;p__Actinobacteriota;c__Actinomycetia;o__Actinomycetales;f__Actinomycetaceae;g__Pauljensenia;s__Pauljensenia sp900541895
ref_mOTU_v3_00888	r1__Bacteria;p__Firmicutes;c__Bacilli;o__Lactobacillales;f__Streptococcaceae;g__Lactococcus;s__Lactococcus garvieae
ext_mOTU_v3_33783	r1__Bacteria;p__Actinobacteriota;c__Coriobacteriia;o__Coriobacteriales;f__Eggerthellaceae;g__CAG-1427;s__MGYG000004614
ext_mOTU_v3_33786	r1__Bacteria;p__Firmicutes_B;c__Peptococcia;o__Peptococcales;f__Peptococcaceae;g__MGYG000004556;s__MGYG000004556
ext_mOTU_v3_26277	r1__Bacteria;p__Actinobacteriota;c__Actinomycetia;o__Actinomycetales;f__Actinomycetaceae;g__Varibaculum;s__Varibaculum timonense
ext_mOTU_v3_17323	r1__Bacteria;p__Firmicutes_A;c__Clostridia;o__Lachnospirales;f__Lachnospiraceae;g__Mediterraneibacter_A;s__Mediterraneibacter_A butyricigenes
ext_mOTU_v3_18210	r1__Bacteria;p__Bacteroidota;c__Bacteroidia;o__Bacteroidales;f__Bacteroidaceae;g__Prevotella;s__Prevotella sp900769055
ext_mOTU_v3_26853	r1__Bacteria;p__Bacteroidota;c__Bacteroidia;o__Bacteroidales;f__Rikenellaceae;g__Alistipes;s__Alistipes sp900770635
ref_mOTU_v3_02379	r1__Bacteria;p__Firmicutes_A;c__Clostridia;o__Lachnospirales;f__Lachnospiraceae;g__Acetatifactor;s__Acetatifactor sp900066365
ext_mOTU_v3_26796	r1__Bacteria;p__Firmicutes_A;c__Clostridia;o__Oscillospirales;f__Acutalibacteraceae;g__Eubacterium_R;s__Eubacterium_R sp900767025
ext_mOTU_v3_26963	r1__Bacteria;p__Firmicutes_A;c__Clostridia;o__MGYG000004109;f__MGYG000004109;g__MGYG000004109;s__MGYG000004109
ref_mOTU_v3_11969	r1__Bacteria;p__Actinobacteriota;c__Actinomycetia;o__Actinomycetales;f__Bifidobacteriaceae;g__Scardovia;s__Scardovia wiggsiae
ext_mOTU_v3_17300	r1__Bacteria;p__Bacteroidota;c__Bacteroidia;o__Bacteroidales;f__Bacteroidaceae;g__Bacteroides;s__Bacteroides sp900555635
ext_mOTU_v3_26604	r1__Bacteria;p__Bacteroidota;c__Bacteroidia;o__Bacteroidales;f__F082;g__F082;s__F082 sp900542475
ext_mOTU_v3_24977	r1__Bacteria;p__Firmicutes;c__Bacilli;o__Lactobacillales;f__Lactobacillaceae;g__Limosilactobacillus;s__MGYG000004840
ext_mOTU_v3_17695	r1__Bacteria;p__Firmicutes;c__Bacilli;o__RFN20;f__CAG-288;g__UBA7642;s__MGYG000004360
ext_mOTU_v3_17960	r1__Bacteria;p__Firmicutes;c__Bacilli;o__RFN20;f__CAG-288;g__MGYG000004606;s__MGYG000004606
